legajo,actual,new,bultos,horas,dias,sectores,sector_principal,turnos,diff,diff_pct,bultos_hora,bultos_dia,pay_actual,nivel_actual,bultos_actuales,desde_actual,hasta_actual,pen_tnc,pen_error,eq_sector,eq_traslado,eq_cons,total_eq,pen_total,eq_per_hour,nivel_nuevo,premio_hora_nuevo,ritmo_nuevo,sectores_nuevo
100810,0.0,0.0,0.0,2.0,2,2,CO,1,0.0,,0.0,0.0,,,,,,,,,,,,0.0,,0.0,0.0,0.0,2
109211,0.0,0.0,0.0,1.0,1,1,FB,1,0.0,,0.0,0.0,,,,,,,,,,,,0.0,,0.0,0.0,0.0,1
109224,0.0,0.0,0.0,1.0,1,1,VE,1,0.0,,0.0,0.0,,,,,,,,,,,,0.0,,0.0,0.0,0.0,1
116662,0.0,0.0,0.0,1.0,1,1,*,1,0.0,,0.0,0.0,,,,,,,,,,,,0.0,,,0.0,0.0,1
116693,0.0,0.0,0.0,14.0,13,8,PI,1,0.0,,0.0,0.0,,,,,,,,,,,,0.0,,1.0,0.0,0.0,8
118364,174746.52,146791.71,10195.0,94.0,18,2,CO,1,-27954.809999999998,-15.99734861672782,108.45744680851064,566.3888888888889,174746.52,3.2777777777777777,566.3888888888889,1129.4444444444443,6870.222222222223,0.0,0.0,10195.0,0.0,32.196,10227.196,0.0,108.7999574468085,2.5406593406593405,1467.002087912088,112.87794835164834,2
121553,0.0,0.0,0.0,23.0,13,5,*,1,0.0,,0.0,0.0,,,,,,,,,,,,0.0,,1.0,0.0,0.0,11
121581,56427.26,63035.14,4740.0,53.0,10,2,CO,1,6607.879999999997,11.710439245144984,89.43396226415095,474.0,56427.26,1.6,474.0,835.0,10997.2,0.0,0.0,4740.0,0.0,0.147,4740.147,0.0,89.4367358490566,1.8766846361185985,1156.7513252470799,107.64569070080861,2
121583,76103.17,68544.29,5154.0,51.0,9,2,CO,1,-7558.880000000005,-9.932411488246816,101.05882352941177,572.6666666666666,76103.17,2.5555555555555554,572.6666666666666,1061.111111111111,1223.6666666666667,0.0,0.0,5154.0,0.0,0.363,5154.362,0.0,101.06592156862746,2.3404605263157894,1372.258168859649,155.04798958333333,2
123209,0.0,0.0,0.0,6.0,4,2,*,1,0.0,,0.0,0.0,,,,,,,,,,,,0.0,,1.0,0.0,0.0,2
124819,59795.22,108160.54000000001,10192.0,93.0,13,3,B1,1,48365.32000000001,80.88492692225232,109.59139784946237,784.0,59795.22,2.0,784.6153846153846,970.7692307692307,1140.6923076923076,25.71,0.0,9994.05,1842.9379999999999,152.946,11989.933,25.71,128.9240107526882,1.9905273040212799,893.6300527304021,85.56586044228864,7
134967,0.0,0.0,0.0,3.0,2,2,VE,1,0.0,,0.0,0.0,,,,,,,,,,,,0.0,,0.0,0.0,0.0,2
138355,0.0,0.0,0.0,1.0,1,1,SIN_SECTOR,1,0.0,,0.0,0.0,,,,,,,,,,,,0.0,,,0.0,0.0,1
153004,0.0,0.0,0.0,1.0,1,1,PE,1,0.0,,0.0,0.0,,,,,,,,,,,,0.0,,1.0,0.0,0.0,1
16183,0.0,0.0,0.0,1.0,1,1,VE,1,0.0,,0.0,0.0,,,,,,,,,,,,0.0,,0.0,0.0,0.0,1
170527,0.0,0.0,0.0,1.0,1,1,N1,1,0.0,,0.0,0.0,,,,,,,,,,,,0.0,,1.0,0.0,0.0,1
170559,87505.41,100854.09,8913.0,119.0,24,2,CO,1,13348.679999999993,15.254691109955365,74.89915966386555,371.375,87505.41,1.0416666666666667,371.375,622.0833333333334,29914.291666666668,0.0,0.0,8913.0,0.0,0.0,8913.0,0.0,74.89915966386555,1.7430415263748598,915.9816930415263,82.91099219977554,2
171813,0.0,0.0,0.0,2.0,2,2,P1,1,0.0,,0.0,0.0,,,,,,,,,,,,0.0,,1.0,0.0,0.0,2
175154,0.0,0.0,0.0,1.0,1,1,B1,1,0.0,,0.0,0.0,,,,,,,,,,,,0.0,,1.0,0.0,0.0,1
175651,0.0,0.0,0.0,12.0,10,5,B1,1,0.0,,0.0,0.0,,,,,,,,,,,,0.0,,1.0,0.0,0.0,7
181826,144918.0,142238.49,11698.0,143.0,27,2,CO,1,-2679.5100000000093,-1.8489835631184597,81.8041958041958,433.25925925925924,144918.0,1.7777777777777777,433.25925925925924,874.8148148148148,12116.222222222223,0.0,0.0,11698.0,0.0,0.214,11698.213,0.0,81.8056853146853,1.754070998208761,974.5562375834554,83.95890368018237,2
183034,0.0,6897.2699999999995,2079.0,47.0,7,5,PI,1,6897.2699999999995,,44.234042553191486,297.0,0.0,1.0,297.0,770.0,999.0,4.1,44.45,2950.869,795.283,15.114,3761.265,48.550000000000004,80.02691489361702,1.4222222222222223,431.88945512820516,90.78995881048776,13
183064,18336.36,7081.19,1639.0,22.0,4,4,NS,1,-11255.170000000002,-61.38170280251916,74.5,409.75,18336.36,2.0,409.75,952.5,1154.25,2.89,0.0,2039.277,662.557,0.605,2702.438,2.89,122.83809090909091,1.411904761904762,376.81409523809526,674.6180060515874,12
186680,0.0,938.98,243.0,4.0,1,1,PE,1,938.98,,60.75,243.0,0.0,1.0,243.0,770.0,999.0,2.13,0.0,240.13,38.516,1.814,280.46,2.13,70.115,1.3333333333333335,169.465,42.83466666666667,2
187265,0.0,5463.55,864.0,14.0,4,3,B1,1,5463.55,,61.714285714285715,216.0,0.0,1.0,216.0,770.0,999.0,0.0,0.0,847.02,194.621,24.785,1066.426,0.0,76.17328571428571,1.7638888888888886,789.3008333333333,118.23359722222222,6
187400,4811.52,9108.619999999999,1698.0,22.0,4,3,B1,1,4297.0999999999985,89.30857608406487,77.18181818181819,424.5,4811.52,1.25,424.5,827.5,1029.0,13.229999999999999,0.0,1751.1100000000001,407.118,56.222,2214.449,13.229999999999999,100.65677272727272,1.6941520467836257,673.020187134503,144.54218391812864,6
189231,0.0,6429.21,1181.0,17.0,3,1,B1,1,6429.21,,69.47058823529412,393.6666666666667,0.0,1.0,393.6666666666667,770.0,999.0,10.190000000000001,0.0,1199.51,321.267,29.622,1550.399,10.190000000000001,91.19994117647059,1.277777777777778,224.013,70.46486666666667,6
189685,0.0,9837.16,1670.0,20.0,4,1,B1,1,9837.16,,83.5,417.5,0.0,1.0,417.5,770.0,999.0,0.0,0.0,1652.4,320.26800000000003,22.368,1995.036,0.0,99.7518,2.316666666666667,1222.9716666666666,109.23913888888889,6
190367,39635.26,20561.079999999998,3889.0,42.0,6,5,B1,1,-19074.180000000004,-48.12427116663295,92.5952380952381,648.1666666666666,39635.26,2.5,648.1666666666666,1051.6666666666667,1226.0,0.0,0.0,4382.527,1222.0339999999999,0.0,5604.56,0.0,133.44190476190477,1.9268939393939395,973.9449752673797,189.5465878193702,17
190368,42686.66,132621.8,15487.0,179.0,25,3,B1,1,89935.13999999998,210.686757877051,86.5195530726257,619.48,42686.66,1.4,619.48,853.2,1049.4,1885.04,0.0,15250.05,3177.98,205.543,18633.573,1885.04,104.09817318435755,1.7192987684062053,719.4837784529637,139.9895672442736,7
190544,0.0,15210.66,1394.0,22.0,3,2,B1,1,15210.66,,63.36363636363637,464.6666666666667,0.0,1.0,464.6666666666667,770.0,999.0,0.0,0.0,1318.33,289.05,49.572,1656.951,0.0,75.31595454545455,2.4814814814814814,1246.1746296296294,92.63783564814815,6
190888,34366.62,32403.89,5395.0,80.0,12,7,AM,1,-1962.7300000000032,-5.711152275085542,67.4375,449.5833333333333,34366.62,1.5833333333333333,449.5833333333333,888.3333333333334,1080.75,1095.42,0.0,7205.3009999999995,2097.034,53.199,9355.532,1095.42,116.94415,1.6293308883382414,588.1062772211449,89.1904109834861,13
190890,38725.39,91862.2,10944.0,147.0,21,12,MU,1,53136.81,137.21439603319683,74.44897959183673,521.1428571428571,38725.39,1.4761904761904763,521.1428571428571,869.047619047619,1059.0,1168.9,0.0,12767.268,3577.673,24.184,16369.121,1168.9,111.35456462585033,1.907180132330304,875.596010108229,103.98262013168707,16
192150,130054.78,220059.33,20160.0,172.0,24,5,B1,1,90004.54999999999,69.20510726326245,117.20930232558139,840.0,130054.78,2.2916666666666665,840.0,1007.9583333333334,5284.125,241.29,120.96,19928.02,3607.801,332.496,23868.315,362.25,138.76927325581394,1.9815810305373873,910.2412129222242,107.49220494040459,7
192151,310534.4,99517.77,15549.0,164.0,23,10,AM,1,-211016.63,-67.95273889140783,94.8109756097561,676.0434782608696,310534.4,3.909090909090909,706.7727272727273,1283.4545454545455,28285.0,0.0,0.0,19898.545000000002,5519.993,149.321,25567.86,0.0,155.90158536585366,2.0165283551603075,1001.2759416262978,107.85640118816157,17
192184,0.0,16627.94,2944.0,62.0,9,4,B1,1,16627.94,,47.483870967741936,327.1111111111111,0.0,1.0,327.1111111111111,770.0,999.0,303.21999999999997,0.0,2970.83,736.731,77.381,3784.943,303.21999999999997,61.047467741935485,1.5611688311688312,580.0183012987013,194.82623365800868,10
192185,67872.43,82305.7,6570.0,54.0,8,3,B1,1,14433.270000000004,21.265291370885066,121.66666666666667,821.25,67872.43,2.875,821.25,1098.75,1274.25,0.0,0.0,6401.84,1362.097,165.642,7929.581,0.0,146.8440925925926,1.9165584415584416,813.9661168831169,94.03695941558442,7
192187,70969.12,84969.65,7314.0,72.0,10,5,B1,1,14000.529999999999,19.727636470622713,101.58333333333333,731.4,70969.12,2.7,731.4,1071.0,1284.0,1205.27,0.0,6937.49,1374.96,99.142,8411.596,1205.27,116.82772222222222,2.043206373458474,812.0711859243697,85.43423863954673,8
192695,0.0,11889.140000000001,1337.0,27.0,4,4,OF,1,11889.140000000001,,49.51851851851852,334.25,0.0,1.0,334.25,770.0,999.0,11.56,0.0,1287.79,329.87,41.712,1659.373,11.56,61.45825925925926,1.4388888888888889,439.3362222222222,47.10460972222222,6
193090,4811.52,35182.79,5360.0,72.0,11,4,B1,1,30371.27,631.2198639930832,74.44444444444444,487.27272727272725,4811.52,1.0909090909090908,487.27272727272725,790.9090909090909,1009.9090909090909,768.63,17.75,5342.13,1262.8229999999999,100.959,6705.909000000001,786.38,93.13762500000001,1.6412676218028195,651.8289720025715,102.54970367130458,7
193092,0.0,740.23,411.0,7.0,2,2,B1,1,740.23,,58.714285714285715,205.5,0.0,1.0,205.5,770.0,999.0,21.91,0.0,403.19,124.69200000000001,8.464,536.345,21.91,76.62071428571429,1.0285714285714285,21.149428571428572,36.006657142857144,5
194041,100554.72,139620.08,15669.0,141.0,20,3,B1,1,39065.359999999986,38.84985210042849,111.12765957446808,783.45,100554.72,2.4210526315789473,831.3157894736842,1031.1052631578948,6385.9473684210525,5.93,222.99,15355.51,3120.256,282.92,18758.689,228.92000000000002,133.04034751773048,1.801426389436342,704.4511671611995,123.57223777745452,9
194042,87666.66,102715.98,8074.0,103.0,20,2,PA,1,15049.319999999992,17.16652602026813,78.3883495145631,403.7,87666.66,1.25,403.7,719.5,20853.2,0.0,0.0,8074.0,0.0,0.0,8074.0,0.0,78.3883495145631,1.672713529856387,843.3694973544974,76.41336035525322,2
194826,0.0,11687.87,2824.0,56.0,9,3,B1,1,11687.87,,50.42857142857143,313.77777777777777,0.0,1.0,313.77777777777777,770.0,999.0,801.94,0.0,2903.32,631.824,19.346,3554.4900000000002,801.94,63.47303571428572,1.2806174089068825,281.79623872180457,175.97642852564104,10
195116,46635.28,46560.16,4804.0,42.0,6,5,CO,1,-75.11999999999534,-0.16107976621989906,114.38095238095238,800.6666666666666,46635.28,2.3333333333333335,800.6666666666666,1040.0,17649.166666666668,0.0,0.0,4804.0,0.0,0.184,4804.184,0.0,114.38533333333334,1.5869708994708995,929.5636539454697,158.2711572833599,9
195117,33610.78,32201.44,3869.0,40.0,6,3,CO,1,-1409.3400000000001,-4.19311899337058,96.725,644.8333333333334,33610.78,1.6666666666666667,644.8333333333334,815.0,17604.166666666668,0.0,0.0,3869.0,0.0,0.006,3869.005,0.0,96.725125,1.4477915804002761,985.8702922705314,1165.2187493558777,9
195118,0.0,0.0,0.0,1.0,1,1,B3,1,0.0,,0.0,0.0,,,,,,,,,,,,0.0,,1.0,0.0,0.0,1
195119,0.0,0.0,0.0,1.0,1,1,PA,1,0.0,,0.0,0.0,,,,,,,,,,,,0.0,,0.0,0.0,0.0,1
195120,0.0,0.0,0.0,1.0,1,1,B1,1,0.0,,0.0,0.0,,,,,,,,,,,,0.0,,1.0,0.0,0.0,1
195121,193942.67,85073.26,9492.0,105.0,14,7,AM,1,-108869.41000000002,-56.13484129098564,90.4,678.0,193942.67,3.9285714285714284,678.0714285714286,1276.642857142857,22562.14285714286,0.0,0.0,12467.9,3175.334,72.54599999999999,15715.776,0.0,149.67405714285715,2.0537002346930042,996.4275943467916,133.54691180850676,13
195122,0.0,7519.429999999999,1187.0,30.0,12,6,B1,1,7519.429999999999,,39.56666666666667,98.91666666666667,0.0,1.0,593.5,770.0,999.0,0.0,0.0,1177.27,236.341,0.605,1414.2150000000001,0.0,47.1405,1.5654761904761905,460.5839285714286,74.66190575396826,8
196370,113859.14,110714.68,15878.0,148.0,21,6,F1,1,-3144.4600000000064,-2.7617106540590473,107.28378378378379,756.0952380952381,113859.14,1.8095238095238095,756.0952380952381,827.1428571428571,19983.47619047619,0.0,0.0,15878.0,0.0,0.147,15878.147,0.0,107.28477702702703,1.5005317735237413,798.5435946664422,113.8798002546368,10
196375,142764.22,39869.5,6300.0,79.0,11,10,VT,1,-102894.72,-72.07318472373541,79.74683544303798,572.7272727272727,142764.22,3.5,630.0,1212.4,40735.0,93.25999999999999,0.0,8642.209,2476.39,60.454,11179.054,93.25999999999999,141.50701265822784,1.8215395715395715,704.6622088605839,103.75028114010387,15
197259,0.0,0.0,0.0,4.0,4,3,PE,1,0.0,,0.0,0.0,,,,,,,,,,,,0.0,,1.0,0.0,0.0,3
198019,469959.61,150738.04,19222.0,167.0,21,10,AM,1,-319221.56999999995,-67.92532022060362,115.10179640718563,915.3333333333334,469959.61,4.761904761904762,915.3333333333334,1413.952380952381,15718.047619047618,1131.94,0.0,23744.242000000002,6438.2390000000005,116.67699999999999,30299.158,1131.94,181.43208383233534,2.14346409757598,1148.6629115035112,203.73765051674965,18
198105,4811.52,34607.94,3870.0,44.0,7,1,B1,1,29796.420000000002,619.272496009577,87.95454545454545,552.8571428571429,4811.52,1.1428571428571428,552.8571428571429,802.8571428571429,1016.1428571428571,0.0,0.0,3902.31,655.475,24.787,4582.573,0.0,104.14938636363637,1.9466374269005848,958.5240606725147,191.288028874269,6
198106,26416.519999999997,32119.3,3339.0,27.0,4,1,B1,1,5702.7800000000025,21.58793058283227,123.66666666666667,834.75,26416.519999999997,2.5,834.75,1040.0,1221.75,0.0,0.0,3287.89,654.739,38.691,3981.318,0.0,147.45622222222224,2.2373737373737375,1070.5007050092765,104.94930003092145,7
198108,30173.72,23599.44,3335.0,30.0,6,4,BA,1,-6574.2800000000025,-21.78809904778066,111.16666666666667,555.8333333333334,30173.72,1.8333333333333333,555.8333333333334,835.0,17629.166666666668,0.0,0.0,3335.0,0.0,0.014,3335.014,0.0,111.16713333333334,1.6113167534220165,1022.6675368121157,155.5014222977315,9
198633,297189.09,219222.73,19596.0,155.0,22,3,B1,1,-77966.36000000002,-26.234596969895502,126.4258064516129,890.7272727272727,297189.09,3.4545454545454546,898.9545454545455,1184.7272727272727,19278.227272727272,126.59,0.0,19453.23,4413.902,486.045,24353.178,126.59,157.11727741935485,2.2903846387039666,1021.0481941261354,101.41846079280197,8
198634,0.0,24255.32,2950.0,42.0,8,3,B1,1,24255.32,,70.23809523809524,368.75,0.0,1.0,421.42857142857144,770.0,999.0,27.39,0.0,2932.73,603.97,88.867,3625.567,27.39,86.3230238095238,1.6535714285714285,515.2290133928572,54.585379464285715,8
198635,501583.58,309843.35,29465.0,196.0,26,3,B1,1,-191740.23000000004,-38.22697505368897,150.33163265306123,1133.2692307692307,501583.58,5.0,1133.2692307692307,1453.0384615384614,35702.61538461538,62.38,0.0,29478.48,5916.5779999999995,473.954,35869.017,62.38,183.0051887755102,2.3919068200078994,1239.2379607509301,151.7048305890786,8
198671,29185.73,26811.81,4069.0,40.0,6,3,F1,1,-2373.9199999999983,-8.133838009191473,101.725,678.1666666666666,29185.73,1.3333333333333333,678.1666666666666,756.6666666666666,17559.166666666668,0.0,0.0,4069.0,0.0,0.011,4069.011,0.0,101.725275,1.532322615655949,978.1000690091801,166.67411074481075,9
198673,324799.84,126710.25,16878.0,166.0,22,12,AM,1,-198089.59000000003,-60.98820430453414,101.67469879518072,767.1818181818181,324799.84,3.6818181818181817,767.1818181818181,1242.4545454545455,19328.636363636364,69.98,0.0,20581.067,5315.14,94.31,25990.516,69.98,156.5693734939759,1.8909503529611693,787.5765962136619,106.78809792102061,18
198872,0.0,0.0,0.0,1.0,1,1,PE,1,0.0,,0.0,0.0,,,,,,,,,,,,0.0,,1.0,0.0,0.0,1
198873,624525.35,404653.62,32586.0,204.0,26,4,B1,1,-219871.72999999998,-35.2062138070136,159.73529411764707,1253.3076923076924,624525.35,5.423076923076923,1253.3076923076924,1518.2307692307693,16909.80769230769,63.9,0.0,32396.47,5979.317,347.605,38723.398,63.9,189.82057843137255,2.6527020779397037,1381.255761713724,121.93427754619603,8
198874,45601.54,43404.88,5011.0,46.0,7,5,F1,1,-2196.6600000000035,-4.817074160214772,108.93478260869566,715.8571428571429,45601.54,2.2857142857142856,715.8571428571429,934.2857142857143,15353.714285714286,0.0,0.0,5011.0,0.0,0.0,5011.0,0.0,108.93478260869566,1.691887134289095,941.4310315028109,129.3342217760181,10
198876,46604.2,36036.11,5672.0,49.0,7,5,BA,1,-10568.089999999997,-22.676260937855382,115.75510204081633,810.2857142857143,46604.2,2.0,810.2857142857143,968.5714285714286,1127.5714285714287,0.0,0.0,5672.0,0.0,0.0,5672.0,0.0,115.75510204081633,1.7682278725956886,1014.6248924073799,185.76932298540964,9
199091,0.0,9540.98,1296.0,16.0,3,1,B1,1,9540.98,,81.0,432.0,0.0,1.0,432.0,770.0,999.0,0.0,21.29,1259.5900000000001,450.763,53.804,1764.158,21.29,110.259875,1.7142857142857142,602.0940178571428,58.161139880952376,7
199093,130803.26,172061.19,17188.0,168.0,24,6,B1,1,41257.93000000001,31.54197380095879,102.30952380952381,716.1666666666666,130803.26000000001,1.9583333333333333,716.1666666666666,938.3333333333334,1144.5416666666667,3538.81,184.29,16996.44,3588.431,274.457,20859.332000000002,3723.1,124.16269047619049,1.8439148650913357,720.8047692232449,93.23452199279711,14
199094,78388.27,65192.2,10362.0,139.0,19,11,VA,1,-13196.070000000007,-16.83424063319679,74.54676258992805,545.3684210526316,78388.27,2.1578947368421053,545.3684210526316,969.0,6357.631578947368,1095.42,100.92,12632.056,3572.618,47.761,16252.43,1196.3400000000001,116.92395683453238,1.8105871084870582,826.128405046215,97.15548733664254,18
199095,245819.14,83975.62,10609.0,119.0,15,8,AM,1,-161843.52000000002,-65.83845342555506,89.15126050420169,707.2666666666667,245819.14,3.933333333333333,707.2666666666667,1274.8666666666666,21166.666666666668,0.0,0.0,13656.217,3809.707,62.873999999999995,17528.797,0.0,147.3008151260504,1.6631462914623214,641.8540555123793,97.73076079312432,14
199408,307729.79,266100.89,24744.0,188.0,26,4,B1,1,-41628.899999999965,-13.52774458397413,131.61702127659575,951.6923076923077,307729.79,3.3846153846153846,951.6923076923077,1189.076923076923,24072.73076923077,1150.19,0.0,24370.99,4515.29,382.671,29268.953999999998,1150.19,155.68592553191488,2.095942265795207,1112.1900556100218,151.6945863671024,12
203576,120764.97,107380.27,14250.0,133.0,19,6,BA,1,-13384.699999999997,-11.083263631829658,107.14285714285714,750.0,120764.97,2.0526315789473686,750.0,917.8947368421053,11578.684210526315,0.0,0.0,14250.0,0.0,0.0,14250.0,0.0,107.14285714285714,1.4460235096223686,902.004030380938,475.37946238066576,9
203612,197359.65,197801.21,18515.0,156.0,22,4,B1,1,441.5599999999977,0.22373367605789618,118.68589743589743,841.5909090909091,197359.65,2.909090909090909,841.5909090909091,1105.6363636363637,19179.090909090908,1040.64,0.0,18091.88,3895.666,436.471,22424.023,1040.64,143.7437371794872,2.28099337201038,1278.30359718487,273.7161645008014,7
203619,191031.69,125283.84,16064.0,169.0,22,9,N1,1,-65747.85,-34.41724773517944,95.05325443786982,730.1818181818181,191031.69,3.142857142857143,764.952380952381,1151.5714285714287,15383.142857142857,0.0,0.0,18949.129,4208.242,77.984,23235.357,0.0,137.48731952662723,1.9243446156296333,851.2562650515533,108.98621893112278,18
203637,913667.94,465140.39,39136.0,223.0,28,5,B1,1,-448527.54999999993,-49.090871022573026,175.49775784753362,1397.7142857142858,913667.9400000001,6.178571428571429,1408.892857142857,1667.25,12543.32142857143,0.0,0.0,39309.621,6703.849,550.732,46564.202,0.0,208.80808071748876,2.5660134515202273,1529.1111210509912,167.72674120641324,7
203640,26392.7,24523.8,1426.0,12.0,2,1,B1,1,-1868.9000000000015,-7.081124704937356,118.83333333333333,713.0,26392.7,2.5,713.0,1020.0,1249.5,0.61,0.0,1451.73,126.548,2.418,1580.696,0.61,131.72466666666665,2.8863636363636362,1775.2329545454545,836.8637613636364,4
203679,702397.08,434441.8,35004.0,216.0,28,4,B1,1,-267955.27999999997,-38.14868934250125,162.05555555555554,1250.142857142857,702397.08,5.428571428571429,1254.2857142857142,1517.0,22837.035714285714,0.0,0.0,34713.640999999996,6407.473,426.8,41547.916,0.0,192.35146296296296,2.5840552477357663,1528.083998012087,229.36369140179417,7
203690,178391.54,159499.72,18858.0,161.0,24,7,F1,1,-18891.820000000007,-10.590087399884549,117.1304347826087,785.75,178391.54,2.4347826086956523,819.9130434782609,992.6086956521739,9826.260869565218,0.0,0.0,18858.0,0.0,0.109,18858.109,0.0,117.13111180124224,1.6628433704036196,930.3186864279581,174.0277868898017,10
206099,205652.67,183282.66999999998,15724.0,131.0,19,5,B1,1,-22370.00000000003,-10.877563612473413,120.03053435114504,827.578947368421,205652.67,3.5789473684210527,832.1052631578947,1221.2105263157894,16946.157894736843,0.0,0.0,15677.76,3197.9,271.436,19147.096,0.0,146.16103816793895,2.276465849497694,1079.5754010424344,132.91181423498028,8
206101,400655.78,108720.33,18969.0,188.0,24,9,PI,1,-291935.45,-72.86440495130259,100.89893617021276,790.375,400655.78,4.625,790.375,1383.2083333333333,30274.208333333332,0.0,0.0,24606.39,5686.23,125.141,30417.76,0.0,161.79659574468084,1.8798955196373675,813.3878477202146,110.24913839569247,16
206105,409464.29,286060.23,27622.0,209.0,26,5,B1,1,-123404.06,-30.1379297325293,132.16267942583733,1062.3846153846155,409464.29,4.153846153846154,1062.3846153846155,1323.8076923076924,35549.230769230766,54.77,0.0,27380.11,4961.181,380.85699999999997,32722.148,54.77,156.5653014354067,2.145056072119145,909.0348454979646,204.45979655093757,8
206118,208856.87,98639.57,14495.0,166.0,21,10,NS,1,-110217.29999999999,-52.771690009526615,87.31927710843374,690.2380952380952,208856.87,2.857142857142857,690.2380952380952,1101.5238095238096,10646.238095238095,18.41,0.0,17730.037,4705.149,87.056,22522.239,18.41,135.67613855421686,1.805941874323098,798.0737150572704,154.1003899731869,17
206120,230440.49,117495.09,15100.0,188.0,23,10,PI,1,-112945.4,-49.012827563419954,80.31914893617021,656.5217391304348,230440.49,3.260869565217391,656.5217391304348,1161.4782608695652,18460.521739130436,96.15,0.0,19493.226,5180.225,94.308,24767.758,96.15,131.7433936170213,2.2933923526955957,1288.7295866701625,123.36665952299234,16
206121,114899.56999999999,95084.6,12585.0,107.0,15,6,BA,1,-19814.969999999987,-17.245469238918812,117.61682242990655,839.0,114899.56999999999,2.6,839.0,1027.3333333333333,7837.266666666666,0.0,0.0,12585.0,0.0,0.0,12585.0,0.0,117.61682242990655,1.4325801553498902,816.6417143693525,128.09485706199618,9
206122,683891.92,407700.65,34962.0,221.0,28,4,B1,1,-276191.27,-40.38522198068958,158.19909502262445,1248.642857142857,683891.92,5.392857142857143,1251.107142857143,1516.357142857143,29850.14285714286,9.43,0.0,35015.67,5895.916,498.136,41409.717,9.43,187.3742850678733,2.234077484659648,1196.9668370355662,142.44537727551045,9
206130,134559.57,127057.47,17757.0,164.0,23,8,F1,1,-7502.100000000006,-5.57530021833453,108.27439024390245,772.0434782608696,134559.57,1.9565217391304348,772.0434782608696,832.1739130434783,22680.608695652172,0.0,0.0,17757.0,0.0,0.0,17757.0,0.0,108.27439024390245,1.4403284379897283,914.0919387531226,147.9456077342162,9
206145,468623.65,145944.15,19891.0,198.0,25,11,AM,1,-322679.5,-68.85685346866296,100.45959595959596,795.64,468623.65,4.52,795.64,1363.4,21250.76,0.0,0.0,25156.013,7143.258,201.911,32501.186,0.0,164.14740404040404,1.88935123822808,850.025584425849,110.49552285787938,18
206147,543279.04,371936.16,30984.0,199.0,25,2,B1,1,-171342.88000000006,-31.538650929732174,155.69849246231155,1239.36,543279.04,4.92,1243.0,1451.64,44943.92,0.0,1441.81,30825.7,5138.429,424.382,36388.515,1441.81,182.8568592964824,2.4321886741178793,1400.644943189438,275.4605610031876,7
206264,242399.19,177761.57,21638.0,163.0,23,8,F1,1,-64637.619999999995,-26.665773924409564,132.74846625766872,940.7826086956521,242399.19,2.8260869565217392,940.7826086956521,1014.3478260869565,14218.304347826086,0.0,0.0,21638.0,0.0,0.016,21638.016,0.0,132.7485644171779,1.8280356532070536,1135.487567216012,192.71304125909296,9
206265,121166.69,96221.78,14210.0,118.0,17,6,F1,1,-24944.910000000003,-20.58726701208063,120.42372881355932,835.8823529411765,121166.69,2.3529411764705883,835.8823529411765,958.2352941176471,12854.588235294117,0.0,0.0,14210.0,0.0,0.218,14210.218,0.0,120.42557627118644,1.6316897612967243,912.0533640590135,138.52522178274427,9
206693,540397.74,154065.87,20622.0,205.0,25,10,AM,1,-386331.87,-71.49028232427472,100.59512195121951,824.88,540397.74,4.8,824.88,1441.84,65202.4,1112.6100000000001,0.0,26922.303,7406.942,198.28799999999998,34527.534999999996,1112.6100000000001,168.427,2.012001258532233,1016.587801108492,253.30071670907788,18
206694,685684.49,394770.63,34828.0,226.0,28,4,B1,1,-290913.86,-42.42678144870974,154.10619469026548,1243.857142857143,685684.49,5.321428571428571,1253.2857142857142,1506.75,33355.17857142857,63.900000000000006,0.0,34779.18,6507.826,623.276,41910.28,63.900000000000006,185.44371681415927,2.417687373881635,1356.3830420157312,181.58251479418928,7
206696,666068.6,467106.67,36658.0,224.0,28,4,B1,1,-198961.93,-29.871086852014944,163.65178571428572,1309.2142857142858,666068.6,5.392857142857143,1309.2142857142858,1521.4642857142858,40381.96428571428,0.0,0.0,36205.66,5589.21,480.605,42275.474,0.0,188.72979464285714,2.5176629974800604,1260.380315616079,163.5734587178879,8
206697,508128.61,171096.91,21313.0,202.0,26,11,N1,1,-337031.69999999995,-66.3280306141392,105.50990099009901,819.7307692307693,508128.61,4.538461538461538,819.7307692307693,1392.923076923077,62689.192307692305,1207.39,0.0,26221.409,7083.383,160.804,33465.601,1207.39,165.67129207920794,2.056016749547927,1040.6726491938687,133.13586260146886,19
206711,529905.93,362690.66000000003,30981.0,210.0,26,5,B1,1,-167215.27000000002,-31.555651773891263,147.52857142857144,1191.576923076923,529905.93,4.923076923076923,1191.576923076923,1446.7692307692307,62725.53846153846,136.93,0.0,30458.08,5196.8,356.069,36010.946,136.93,171.48069523809525,2.341890313437628,1276.2592318982931,304.08531300623014,7
206714,579315.23,357655.42,31566.0,206.0,26,5,B1,1,-221659.81,-38.26238264096734,153.23300970873785,1214.076923076923,579315.23,5.269230769230769,1214.076923076923,1500.9615384615386,20680.346153846152,1129.94,0.0,31518.8,5632.94,586.399,37738.143,1129.94,183.19486893203882,2.4433095505845155,1396.6771615123234,195.7283526992055,7
206716,408600.36,274598.95,25641.0,171.0,23,6,B1,1,-134001.40999999997,-32.79522563318348,149.94736842105263,1114.8260869565217,408600.36,4.565217391304348,1114.8260869565217,1403.2608695652175,109735.30434782608,43.97,0.0,25216.24,4279.75,288.36199999999997,29784.358,43.97,174.17753216374268,2.39495244964647,1135.5689816136246,115.95669094435091,8
206718,680164.99,401483.44,33080.0,213.0,26,3,B1,1,-278681.55,-40.97263959440194,155.30516431924883,1272.3076923076924,680164.99,5.615384615384615,1272.3076923076924,1554.076923076923,24513.80769230769,11.71,0.0,32868.73,5751.902,419.54699999999997,39040.18,11.71,183.28723004694837,2.6578769670557834,1575.1291907047219,157.3030165264141,7
206768,424712.65,279961.46,28488.0,216.0,26,7,B1,1,-144751.19,-34.08214707049578,131.88888888888889,1095.6923076923076,424712.65,4.230769230769231,1095.6923076923076,1324.5,28006.46153846154,4.86,0.0,28247.01,4981.914,471.54,33700.464,4.86,156.02066666666667,2.108898540598129,896.4067107306529,113.97140049924165,8
206770,398080.12,314124.3,27784.0,199.0,26,4,B1,1,-83955.82,-21.09018154435846,139.6180904522613,1068.6153846153845,398080.12,4.3076923076923075,1078.7692307692307,1356.8461538461538,70173.30769230769,2.89,0.0,27558.34,4949.776,372.999,32881.112,2.89,165.23171859296482,2.2777847010731107,1037.750540755148,295.6982135427387,8
206776,285479.9,86339.85,15124.0,168.0,21,11,AM,1,-199140.05000000002,-69.75624203315189,90.02380952380952,720.1904761904761,285479.9,3.761904761904762,720.1904761904761,1243.952380952381,15496.190476190477,2.13,480.06,19733.388,4989.596,54.410000000000004,24777.396,482.19,147.4845,2.0154919446244643,933.506293369062,149.07328478192193,18
206788,493355.04,302631.3,29433.0,208.0,26,6,B1,1,-190723.74,-38.658516592837486,141.50480769230768,1132.0384615384614,493355.04,4.884615384615385,1132.0384615384614,1443.923076923077,47033.46153846154,36.51,0.0,29351.56,5135.072,613.0,35099.633,36.51,168.7482355769231,2.256201358640235,1196.104816193609,138.92551120771688,7
206815,362520.99,147865.81,18310.0,190.0,23,7,PI,1,-214655.18,-59.211793501943156,96.36842105263158,796.0869565217391,362520.99,4.0,796.0869565217391,1299.9565217391305,39983.13043478261,1.22,0.0,22670.018,6294.072,104.58800000000001,29068.68,1.22,152.99305263157896,2.12597964048391,1097.821785512466,152.64102445753653,17
207009,498047.87,356713.08999999997,32320.0,215.0,28,3,B1,1,-141334.78000000003,-28.377750114662682,150.32558139534885,1154.2857142857142,498047.87,4.428571428571429,1154.2857142857142,1356.7142857142858,29654.678571428572,91.28,0.0,32108.02,5253.205,261.157,37622.382,91.28,174.98782325581394,2.2860607728038556,1241.9842283505566,197.13534041355496,8
207010,423352.98000000004,350192.0,29395.0,201.0,25,5,B1,1,-73160.98000000004,-17.28131924334158,146.24378109452735,1175.8,423352.98,4.36,1175.8,1347.16,36954.08,35.3,1893.96,29283.920000000002,5061.054,387.505,34732.48,1929.26,172.79840796019903,2.2444864645533604,1031.409716296533,173.530368419784,8
207015,144505.97,115066.08,17048.0,154.0,23,7,F1,1,-29439.89,-20.37278459844946,110.7012987012987,741.2173913043479,144505.97,2.0434782608695654,741.2173913043479,870.0,18394.608695652172,0.0,0.0,17048.0,0.0,0.19799999999999998,17048.198,0.0,110.70258441558441,1.5692357212687051,925.7440311957117,132.81335064390512,9
207033,770964.69,424509.19,35304.0,229.0,28,5,B1,1,-346455.49999999994,-44.93792056806129,154.16593886462883,1260.857142857143,770964.69,5.75,1271.392857142857,1568.392857142857,19397.714285714286,0.0,0.0,35066.58,7363.97,804.027,43234.577,0.0,188.79727947598252,2.469544483525253,1217.2718580239637,146.4123927582262,8
207036,577107.92,389211.08,30810.0,217.0,26,4,B1,1,-187896.84000000003,-32.558354076998285,141.9815668202765,1185.0,577107.92,5.0,1185.0,1444.0,16811.615384615383,9.13,0.0,30384.63,6036.309,490.277,36911.217,9.13,170.09777419354836,2.5640450909608767,1347.0402752739408,158.41958889535888,8
207038,241711.13,175149.56,19511.0,149.0,21,7,CO,1,-66561.57,-27.537652072537995,130.94630872483222,929.0952380952381,241711.13,3.2857142857142856,929.0952380952381,1166.1904761904761,1359.5714285714287,0.0,0.0,19511.0,0.0,0.0,19511.0,0.0,130.94630872483222,1.734304083105826,911.5216323379402,130.76362613906625,10
207041,650158.77,432368.37,33513.0,209.0,27,5,B1,1,-217790.40000000002,-33.49803310351408,160.34928229665073,1241.2222222222222,650158.77,5.444444444444445,1241.2962962962963,1519.9259259259259,30894.59259259259,1103.63,0.0,33147.03,5468.757,514.459,39130.246,1103.63,187.22605741626793,2.588376377417802,1298.240813778468,200.25124634410093,8
207056,299145.03,209557.78,22227.0,165.0,23,5,B1,1,-89587.25000000003,-29.947764801574685,134.70909090909092,966.3913043478261,299145.03,3.869565217391304,972.5217391304348,1278.0,61946.82608695652,25.55,0.0,22196.79,3587.802,230.934,26015.526,25.55,157.66985454545457,2.205439899049617,1020.6585263249185,159.00375216028874,8
207397,560469.45,136025.97,20751.0,206.0,24,9,VA,1,-424443.48,-75.72999384712227,100.73300970873787,864.625,560469.45,5.166666666666667,864.625,1499.7916666666667,105356.66666666667,0.0,0.0,27145.458,7157.681,76.778,34379.916,0.0,166.89279611650485,2.0904958769435784,980.8552763113544,152.0736087137273,17
207399,350670.81,315160.76,27199.0,199.0,26,5,B1,1,-35510.04999999999,-10.126320465624152,136.678391959799,1046.1153846153845,350670.81,3.8461538461538463,1046.1153846153845,1268.6538461538462,20365.03846153846,7.91,0.0,26902.91,5001.716,427.406,32332.032,7.91,162.47252261306534,1.8470676334711422,799.1488230476475,99.08800913662361,9
207402,267738.21,181770.38,23228.0,174.0,24,7,F1,1,-85967.83000000002,-32.1089134046276,133.49425287356323,967.8333333333334,267738.21,3.2083333333333335,967.8333333333334,1129.5833333333333,5476.666666666667,0.0,0.0,23228.0,0.0,0.0,23228.0,0.0,133.49425287356323,1.7788239054882347,1089.431826922704,181.20177813073283,9
207420,332461.93,194236.39,26444.0,185.0,25,7,BA,1,-138225.53999999998,-41.576351313366914,142.94054054054055,1057.76,332461.93,3.52,1057.76,1174.8,5375.8,0.0,0.0,26444.0,0.0,0.0,26444.0,0.0,142.94054054054055,1.934709132776078,1242.0035898854428,209.97785523402996,7
207425,214311.57,131204.49,15468.0,186.0,23,9,AM,1,-83107.08000000002,-38.77862497111099,83.16129032258064,672.5217391304348,214311.57,3.0434782608695654,672.5217391304348,1128.8695652173913,18422.739130434784,3.65,132.3,19307.665,5357.522,39.903,24705.093,135.95000000000002,132.8230806451613,1.7936223418626367,745.2690373137241,96.42809301684167,17
207453,233312.96,175316.7,21811.0,166.0,24,7,F1,1,-57996.25999999998,-24.857710433230963,131.39156626506025,908.7916666666666,233312.96,3.125,908.7916666666666,1084.5833333333333,9601.333333333334,0.0,0.0,21811.0,0.0,0.252,21811.251,0.0,131.393078313253,1.5788681552886141,889.4884918818386,122.4928283519867,9
207479,187426.21,141606.84,19309.0,161.0,23,7,BA,1,-45819.369999999995,-24.446618218444474,119.93167701863354,839.5217391304348,187426.21,2.782608695652174,839.6086956521739,1086.0869565217392,1257.9130434782608,0.0,0.0,19311.0,0.0,0.216,19311.216,0.0,119.94544099378882,1.4189439070921883,767.3535966290825,131.15876845015313,10
207481,331868.77999999997,143350.9,19082.0,218.0,26,6,AM,1,-188517.87999999998,-56.80494561736117,87.53211009174312,733.9230769230769,331868.77999999997,3.576923076923077,733.9230769230769,1211.6923076923076,16541.576923076922,72.88,0.0,23147.069,6382.66,54.408,29584.138,72.88,135.70705504587156,2.19287172438682,1184.2496508919205,127.25135510283035,15
207656,219098.13,159202.02,22299.0,179.0,24,5,BA,1,-59896.110000000015,-27.337572438432044,124.57541899441341,929.125,219098.13,2.875,929.125,1090.0833333333333,13598.791666666666,0.0,0.0,22299.0,0.0,0.0,22299.0,0.0,124.57541899441341,1.5870295372742438,958.1205373867363,191.86777214911737,9
207657,713614.64,367067.91000000003,34679.0,224.0,28,5,B1,1,-346546.73,-48.56216654972212,154.81696428571428,1238.5357142857142,713614.64,5.642857142857143,1243.75,1530.892857142857,19320.10714285714,0.0,0.0,34641.47,7041.131,530.176,42212.773,0.0,188.44987946428571,2.333683630534963,1077.725191501578,131.0642030872642,8
207658,395670.36,335912.15,28495.0,211.0,27,5,B1,1,-59758.20999999996,-15.103029198345805,135.04739336492892,1055.3703703703704,395670.36,3.925925925925926,1055.3703703703704,1288.4444444444443,30603.74074074074,3.96,0.0,28090.441,5153.289,450.38,33694.108,3.96,159.68771563981042,2.2541495588917515,1023.0775523955793,107.97070064475373,8
207659,124117.87,109111.28,15782.0,135.0,18,6,F1,1,-15006.589999999997,-12.09059581831367,116.9037037037037,876.7777777777778,124117.87,2.111111111111111,876.7777777777778,890.0,17674.833333333332,0.0,0.0,15782.0,0.0,0.003,15782.003,0.0,116.90372592592593,1.1760671706820784,700.1724067373888,208.36728482500206,7
207660,427769.88,299637.09,29147.0,208.0,26,6,B1,1,-128132.78999999998,-29.95367275508037,140.12980769230768,1121.0384615384614,427769.88,4.384615384615385,1121.0384615384614,1349.5,28023.615384615383,73.03,297.0,28652.66,4960.296,430.43,34043.385,370.03,163.6701201923077,2.164557974806422,1116.8777463040065,143.22054347613738,7
207662,369324.41000000003,340275.82,27408.0,207.0,26,6,B1,1,-29048.590000000026,-7.8653317282765105,132.40579710144928,1054.1538461538462,369324.41000000003,3.923076923076923,1058.1923076923076,1270.1538461538462,16594.384615384617,28.150000000000002,0.0,27254.37,4591.356,380.856,32226.581,28.150000000000002,155.68396618357488,1.9509807561751147,804.3553114395465,524.3445528328173,10
207680,525314.67,354184.68,30754.0,206.0,27,5,B1,1,-171129.99000000005,-32.57666305035799,149.29126213592232,1139.037037037037,525314.67,4.851851851851852,1139.037037037037,1425.4814814814815,30778.222222222223,0.0,0.0,30481.94,4926.781,459.163,35867.884,0.0,174.1159417475728,2.4840284691300063,1365.0387336465549,127.02745711876686,7
207681,150618.51,128758.79,17470.0,151.0,20,6,F1,1,-21859.720000000016,-14.513302515076013,115.69536423841059,873.5,150618.51,2.2,873.5,909.0,16039.8,0.0,0.0,17470.0,0.0,0.005,17470.005,0.0,115.69539735099339,1.2134632286575364,731.1952139876308,133.16008043692338,7
207683,241328.12,178195.1,22778.0,174.0,23,6,F1,1,-63133.01999999999,-26.160656288210422,130.90804597701148,990.3478260869565,241328.12,3.0434782608695654,990.3478260869565,1135.6521739130435,1303.695652173913,0.0,0.0,22778.0,0.0,0.314,22778.314000000002,0.0,130.90985057471266,1.5600781448826324,951.8116221879027,165.8481160965972,9
207684,206746.44,151703.13,23074.0,190.0,25,6,F1,1,-55043.31,-26.62358297439124,121.4421052631579,922.96,206746.44,2.6,922.96,1045.24,9121.12,0.0,0.0,23074.0,0.0,0.383,23074.382,0.0,121.44411578947368,1.3273035323921518,789.0944526267473,147.4683765233636,7
207686,302299.44,273598.98,25679.0,183.0,24,3,B1,1,-28700.46000000002,-9.494050005517716,140.3224043715847,1069.9583333333333,302299.44,3.75,1069.9583333333333,1239.6666666666667,9634.541666666666,0.0,1198.8,25380.4,4442.712,364.533,30187.644,1198.8,164.95980327868853,2.322457705359535,1282.777468400336,147.0787717585462,7
207687,252287.75,170175.66,23367.0,176.0,23,6,F1,1,-82112.09,-32.546998417481625,132.76704545454547,1015.9565217391304,252287.75,3.130434782608696,1015.9565217391304,1135.6521739130435,1331.2173913043478,0.0,0.0,23367.0,0.0,0.353,23367.353,0.0,132.76905113636363,1.4707554832444636,870.6350194608676,140.93941667922908,7
207710,826007.47,462844.22,36583.0,218.0,27,6,B1,1,-363163.25,-43.96609754630912,167.8119266055046,1354.9259259259259,826007.47,5.925925925925926,1354.9259259259259,1609.7407407407406,12841.703703703704,0.0,0.0,36281.659999999996,6327.966,664.986,43274.615,0.0,198.50740825688072,2.675352361412269,1470.6143946655943,141.46819641793408,8
207712,280665.42,266674.41,27298.0,214.0,27,6,B1,1,-13991.01000000001,-4.984942569697404,127.5607476635514,1011.0370370370371,280665.42,3.185185185185185,1011.0370370370371,1156.148148148148,23202.59259259259,10.04,1195.3400000000001,27191.12,4532.545,376.021,32099.686999999998,1205.38,149.99853738317756,2.279475600061981,1085.101496797,133.015017783665,8
207731,628230.16,400963.76,33261.0,213.0,27,6,B1,1,-227266.40000000002,-36.17565893366215,156.1549295774648,1231.888888888889,628230.16,5.185185185185185,1231.888888888889,1487.7407407407406,34508.11111111111,1355.27,0.0,32568.03,6053.254,499.343,39120.628,1355.27,183.6649201877934,2.2061798464905675,1157.5599088920515,160.71288435965783,8
207735,512009.32,373439.65,32709.0,229.0,28,7,B1,1,-138569.66999999998,-27.063896024392676,142.83406113537117,1168.1785714285713,512009.32,4.678571428571429,1174.2857142857142,1396.642857142857,22689.964285714286,8.52,1053.0,32533.051,6195.607,697.029,39425.687,1061.52,172.16457205240175,2.3332093486592638,1130.1073523871432,157.13220993447342,8
208333,775332.33,427115.08,35618.0,210.0,27,5,B1,1,-348217.24999999994,-44.911999219741034,169.6095238095238,1319.1851851851852,775332.33,5.7407407407407405,1319.2222222222222,1570.4444444444443,9146.925925925925,1.83,0.0,35381.17,6090.157,584.583,42055.914,1.83,200.26625714285714,2.6339509565452834,1408.8036344786221,165.3918533574201,8
208334,435960.61,289499.26,26717.0,187.0,25,6,B1,1,-146461.34999999998,-33.59508786814478,142.8716577540107,1068.68,435960.61,4.48,1068.68,1378.8,40911.6,81.7,0.0,26503.86,4683.2660000000005,460.052,31647.178,81.7,169.23624598930482,2.3357586084626902,1265.6879126201638,166.33510624261288,7
208361,0.0,0.0,0.0,3.0,2,2,VE,1,0.0,,0.0,0.0,,,,,,,,,,,,0.0,,0.0,0.0,0.0,2
208363,546840.52,372795.65,33178.0,224.0,28,5,B1,1,-174044.87,-31.827354344553687,148.11607142857142,1184.9285714285713,546840.52,4.75,1184.9285714285713,1401.642857142857,22698.678571428572,12.78,0.0,33319.090000000004,5077.506,308.314,38704.907,12.78,172.78976339285714,2.3100876020170693,1095.3064036845253,172.58060106590239,8
208364,231719.23,176182.54,23682.0,183.0,26,7,F1,1,-55536.69,-23.96723396672775,129.40983606557376,910.8461538461538,231719.22999999998,2.730769230769231,910.8461538461538,1037.3076923076924,8879.73076923077,0.0,0.0,23682.0,0.0,0.0,23682.0,0.0,129.40983606557376,1.7697471080177445,1024.5224160559408,181.54901231508651,8
208365,461419.81,267337.18,24598.0,173.0,22,3,B1,1,-194082.63,-42.06204974164417,142.1849710982659,1118.090909090909,461419.81,4.954545454545454,1135.8636363636363,1455.909090909091,46361.5,0.0,105.3,24719.3,4606.044,477.581,29802.925,105.3,172.27124277456647,2.188800697883006,996.8951188496244,133.74019583745448,8
208373,462401.74,303693.88,30830.0,215.0,28,3,B1,1,-158707.86,-34.32250492829028,143.3953488372093,1101.0714285714287,462401.74,4.321428571428571,1101.0714285714287,1356.1785714285713,47196.0,182.57,0.0,30352.2,5707.608,450.981,36510.789,182.57,169.81762325581394,2.2256582443348196,1124.116876705781,132.3691080472345,7
208374,611790.34,387779.12,33369.0,211.0,27,3,B1,1,-224011.21999999997,-36.61568438625559,158.14691943127963,1235.888888888889,611790.34,5.2592592592592595,1235.888888888889,1504.8148148148148,75089.92592592593,185.60999999999999,212.76,32431.75,6601.179,528.362,39561.293,398.37,187.49427962085306,2.459347413207707,1409.2110560489348,217.84609001877266,7
208575,139713.37,112152.49,14397.0,125.0,20,7,F1,1,-27560.87999999999,-19.726730519777735,115.176,719.85,139713.37,2.3684210526315788,757.7368421052631,964.7368421052631,11633.0,0.0,0.0,14397.0,0.0,0.153,14397.153,0.0,115.177224,1.731664545092893,1079.0103383139149,179.94494503705954,9
208576,346816.53,139313.41,17727.0,175.0,21,8,AM,1,-207503.12000000002,-59.830804489047864,101.29714285714286,844.1428571428571,346816.53,4.142857142857143,844.1428571428571,1313.6190476190477,29623.095238095237,95.69,0.0,21206.944,5595.904,105.794,26908.64,95.69,153.76365714285714,2.29817577427957,1174.8560746684711,216.17294766752096,18
208577,229007.36,124651.43,15968.0,173.0,21,7,AM,1,-104355.93,-45.56881053953899,92.30057803468208,760.3809523809524,229007.36,3.238095238095238,760.3809523809524,1163.047619047619,20082.14285714286,1215.15,0.0,18765.641,4866.19,152.346,23784.174,1215.15,137.480774566474,2.0091460556043588,927.3367134244631,116.23442031372645,17
208623,333680.81,105154.42,16828.0,167.0,20,8,AM,1,-228526.39,-68.48652459216939,100.76646706586827,841.4,333680.81,4.15,841.4,1310.25,26111.8,44.120000000000005,0.0,21176.406,5394.508,114.861,26685.774,44.120000000000005,159.79505389221558,1.8276545215973745,800.5659095842066,125.22294577705598,19
208706,81371.39,56458.56,4823.0,35.0,4,2,B1,1,-24912.83,-30.616203065967046,137.8,1205.75,81371.39,5.0,1205.75,1460.5,50829.25,0.0,0.0,4825.33,973.479,135.117,5933.9259999999995,0.0,169.54074285714285,2.3547831253713603,1231.5882456922163,147.45480280748663,8
208708,68841.66,47886.04,5866.0,43.0,5,2,B1,1,-20955.620000000003,-30.440317679730562,136.41860465116278,1173.2,68841.66,4.0,1173.2,1302.4,40807.2,0.0,0.0,5927.990000000001,757.557,27.809,6713.356,0.0,156.12455813953488,1.8527568922305766,727.465895989975,186.99959586466164,7
208709,89549.16,76112.76,6379.0,44.0,5,3,B3,1,-13436.400000000009,-15.004495854567491,144.97727272727272,1275.8,89549.16,4.6,1275.8,1376.2,21263.6,0.0,0.0,6161.11,876.0740000000001,62.267,7099.451,0.0,161.35115909090908,2.2385670057496685,1229.295662980982,165.76232719298247,7
208710,76538.54000000001,61755.259999999995,5962.0,43.0,5,2,B1,1,-14783.280000000013,-19.314818390839452,138.65116279069767,1192.4,76538.54000000001,4.2,1192.4,1332.4,40853.4,0.0,0.0,6045.2,844.504,24.787,6914.491,0.0,160.80211627906976,1.888655462184874,860.1331274878373,100.70727605042018,7
208807,87471.76,51141.87,5657.0,44.0,5,4,B1,1,-36329.88999999999,-41.53327885479839,128.5681818181818,1131.4,87471.76,4.6,1160.0,1376.2,21263.6,0.0,0.0,5835.01,1085.81,64.684,6985.506,0.0,158.7615,2.239103208851108,1057.2289650562927,120.54072558428777,7
208808,27820.809999999998,44380.44,4851.0,41.0,5,2,B1,1,16559.630000000005,59.52245818867246,118.3170731707317,970.2,27820.809999999998,2.4,970.2,1026.0,1185.0,21.6,0.0,4831.13,839.048,36.876999999999995,5707.055,21.6,139.19646341463417,1.9620379620379622,928.1266340802055,142.64524482660198,7
3134,0.0,0.0,0.0,32.0,15,7,*,1,0.0,,0.0,0.0,,,,,,,,,,,,0.0,,1.0,0.0,0.0,9
38808,0.0,0.0,0.0,4.0,3,3,B1,1,0.0,,0.0,0.0,,,,,,,,,,,,0.0,,1.0,0.0,0.0,4
49182,0.0,0.0,0.0,2.0,2,2,P3,1,0.0,,0.0,0.0,,,,,,,,,,,,0.0,,1.0,0.0,0.0,3
65552,0.0,0.0,0.0,2.0,2,1,B3,1,0.0,,0.0,0.0,,,,,,,,,,,,0.0,,1.0,0.0,0.0,1
65607,0.0,0.0,0.0,58.0,14,5,*,1,0.0,,0.0,0.0,,,,,,,,,,,,0.0,,1.0,0.0,0.0,12
67834,0.0,0.0,0.0,1.0,1,1,B1,1,0.0,,0.0,0.0,,,,,,,,,,,,0.0,,1.0,0.0,0.0,1
69338,22737.95,55899.28999999999,3608.0,38.0,6,3,B1,1,33161.34,145.8413797198076,94.94736842105263,601.3333333333334,22737.95,1.8333333333333333,601.3333333333334,925.0,1109.0,0.0,0.0,3600.4500000000003,775.448,97.935,4473.831,0.0,117.73239473684211,2.158513325754705,1122.3303855942909,94.27026806239738,7
69630,0.0,0.0,0.0,115.0,26,11,*,1,0.0,,0.0,0.0,,,,,,,,,,,,0.0,,1.0,0.0,0.0,21
69703,0.0,0.0,0.0,28.0,15,8,B1,1,0.0,,0.0,0.0,,,,,,,,,,,,0.0,,1.0,0.0,0.0,11
733941,27651.18,14450.92,2427.0,26.0,3,2,AM,1,-13200.26,-47.73850519218348,93.34615384615384,809.0,27651.18,3.0,809.0,1130.3333333333333,34089.0,595.48,0.0,3086.753,711.5799999999999,28.412999999999997,3826.745,595.48,147.1825,1.7208333333333332,725.8400416666667,316.5604794444444,10
733942,13104.3,7939.27,940.0,8.0,1,1,EC,1,-5165.029999999999,-39.41477225033004,117.5,940.0,13104.3,4.0,940.0,1270.0,1500.0,0.0,0.0,994.713,277.938,5.441,1278.092,0.0,159.7615,1.8027210884353744,817.5151020408164,71.05514421768707,7
733943,7238.84,7643.29,780.0,8.0,1,1,AM,1,404.4499999999998,5.5872211569809505,97.5,780.0,7238.84,3.0,780.0,1120.0,1269.0,0.0,0.0,865.876,313.625,2.418,1181.919,0.0,147.739875,1.6083333333333336,589.2298333333333,85.642425,10
734005,191363.86,128736.62,11147.0,80.0,11,3,B1,1,-62627.23999999999,-32.7267855069395,139.3375,1013.3636363636364,191363.86,4.090909090909091,1013.3636363636364,1299.2727272727273,19381.090909090908,1096.79,0.0,11076.37,2172.45,168.061,13416.882,1096.79,167.711025,2.197712613473483,1138.929296464405,104.67683737856348,13
734007,12399.03,33593.0,2817.0,24.0,4,2,B1,1,21193.97,170.93248423465383,117.375,704.25,12399.03,2.0,939.0,963.3333333333334,1129.0,31.19,108.11,2824.25,321.416,27.205,3172.869,139.3,132.202875,2.045238095238095,664.6320833333333,92.39548015873015,6
734008,174142.17,150214.75,12683.0,96.0,12,4,B1,1,-23927.420000000013,-13.740164142895434,132.11458333333334,1056.9166666666667,174142.17,3.6666666666666665,1056.9166666666667,1238.4166666666667,9641.0,0.0,0.0,12676.79,2193.21,119.093,14989.092,0.0,156.13637500000002,2.0783653846153847,925.7510092616413,89.53323460466513,13
734011,110272.33,135408.12,14252.0,117.0,16,4,B1,1,25135.789999999994,22.794285746932157,121.8119658119658,890.75,110272.33,2.5625,890.75,1047.5,1231.125,1210.29,0.0,14375.91,2480.619,207.356,17063.884000000002,1210.29,145.8451623931624,1.7628909551986476,614.4357000261643,70.74862332548405,14
734232,33085.05,34243.61,3662.0,32.0,4,2,B1,1,1158.5599999999977,3.501762880817764,114.4375,915.5,33085.05,3.25,915.5,1172.5,1331.5,0.46,0.0,3600.4,620.721,67.708,4288.8279999999995,0.46,134.02587499999998,1.5714285714285714,531.707,66.38170476190477,7
734234,33456.12,82607.01999999999,7237.0,52.0,7,2,B1,1,49150.89999999999,146.91153666354612,139.17307692307693,1033.857142857143,33456.12,2.2857142857142856,1033.857142857143,1002.8571428571429,1170.4285714285713,18.71,1249.1100000000001,7096.5,1124.119,84.032,8304.649,1267.8200000000002,159.70478846153844,2.6714113181504486,1399.4232460810413,2480.1515214063884,7
734364,29339.67,20439.16,4022.0,36.0,5,4,F1,1,-8900.509999999998,-30.336094441416684,111.72222222222223,804.4,29339.67,1.8,804.4,824.0,20925.2,0.0,0.0,4022.0,0.0,0.0,4022.0,0.0,111.72222222222223,1.3455489336496202,797.9802843689491,147.4405829376954,7
734367,14783.36,10007.28,1213.0,9.0,1,1,F1,1,-4776.08,-32.30713450798736,134.77777777777777,1213.0,14783.36,4.0,1213.0,1270.0,1500.0,0.0,0.0,1213.0,0.0,0.018,1213.018,0.0,134.77977777777778,1.8816326530612244,1062.44268707483,138.4781401360544,7
734380,57981.7,39235.36,4625.0,37.0,5,2,B1,1,-18746.339999999997,-32.33147700050188,125.0,925.0,57981.7,4.2,925.0,1316.2,21171.2,0.0,0.0,4452.18,1095.899,97.331,5645.41,0.0,152.57864864864865,2.177474323062558,1088.852679738562,206.4670835200747,7
734387,180669.63,132818.73,10939.0,83.0,11,3,B1,1,-47850.899999999994,-26.48530358976215,131.79518072289156,994.4545454545455,180669.63,4.363636363636363,1000.8181818181819,1358.4545454545455,28383.81818181818,0.0,0.0,10937.37,2202.973,235.167,13375.506000000001,0.0,161.1506746987952,2.32038056879829,1327.586961018412,140.54183082712947,7
734430,119209.79000000001,151835.06,13564.0,103.0,14,4,B1,1,32625.26999999999,27.36794519980279,131.6893203883495,968.8571428571429,119209.79000000001,2.7142857142857144,968.8571428571429,1080.9285714285713,22340.571428571428,1120.3799999999999,0.0,13083.52,2189.6639999999998,244.83700000000002,15518.022,1120.3799999999999,150.6604077669903,2.3803175823641314,1355.3535205176045,159.423066001882,7
734432,146254.98,105183.24,14464.0,123.0,16,4,B1,1,-41071.740000000005,-28.082284787841072,117.59349593495935,904.0,146254.98,3.0,904.0,1135.125,13589.0,2.2800000000000002,0.0,14690.86,2518.591,160.808,17370.256,2.2800000000000002,141.22159349593497,1.8116186711838889,675.3062838735178,120.00511994399183,10
734433,146624.46,107303.68,10825.0,83.0,11,1,B1,1,-39320.78,-26.817340026350312,130.42168674698794,984.0909090909091,146624.46,3.727272727272727,989.2727272727273,1251.090909090909,19333.81818181818,0.0,0.0,10782.12,1857.535,115.466,12755.119,0.0,153.6761325301205,1.7963716888734913,730.241048408693,116.3829867345824,11
734434,59221.69,51462.78,6853.0,66.0,11,3,F1,1,-7758.9100000000035,-13.101466709241164,103.83333333333333,623.0,59221.69,1.3636363636363635,623.0,630.0,37102.181818181816,0.0,0.0,6853.0,0.0,0.013000000000000001,6853.013,0.0,103.8335303030303,0.8925898308041165,556.9024969268827,119.3763656060606,7
734435,300661.66,218175.16,19684.0,124.0,17,3,B1,1,-82486.49999999997,-27.434991212381377,158.74193548387098,1157.8823529411766,300661.66,4.470588235294118,1157.8823529411766,1366.235294117647,36277.58823529412,1095.42,0.0,19507.3,2806.568,193.45,22507.32,1095.42,181.5106451612903,2.0474617974617972,834.4922431580765,112.11971072333016,9
734438,713604.62,438126.49,35043.0,195.0,26,3,B1,1,-275478.13,-38.603748109142,179.7076923076923,1347.8076923076924,713604.62,5.653846153846154,1347.8076923076924,1557.923076923077,24519.076923076922,1095.42,0.0,34942.24,5380.595,434.056,40756.892,1095.42,209.00970256410255,2.740453867240362,1464.1357471227027,187.5332244300913,8
734439,77023.51000000001,95676.62,10234.0,88.0,12,3,B1,1,18653.109999999986,24.217424004696728,116.29545454545455,852.8333333333334,77023.51,2.5833333333333335,864.5833333333334,1068.3333333333333,1229.25,7.15,0.0,10309.550000000001,1572.194,117.279,11999.024,7.15,136.35254545454544,2.107780307780308,981.5105616125616,143.71725064435066,9
734440,171848.43,178614.31,11259.0,75.0,10,1,B1,1,6765.880000000005,3.937120635899906,150.12,1125.9,171848.43,4.1,1137.2,1299.3,31013.3,0.0,444.27,11109.14,1744.079,164.435,13017.654,444.27,173.56872,2.533078654347311,1335.1585642579319,103.54881145552781,8
734479,112512.54000000001,80113.61,11624.0,91.0,13,5,F1,1,-32398.930000000008,-28.79583911268913,127.73626373626374,894.1538461538462,112512.54,3.076923076923077,894.1538461538462,1086.923076923077,8953.461538461539,0.0,0.0,11624.0,0.0,0.02,11624.02,0.0,127.73648351648352,1.8461084444520228,1189.539482022218,223.21467553486173,7
734480,3304.01,3210.79,486.0,5.0,1,1,F1,1,-93.22000000000025,-2.8214200320217024,97.2,486.0,3304.01,2.0,486.0,1000.0,1119.0,0.0,0.0,486.0,0.0,0.0,486.0,0.0,97.2,1.78,806.0188,115.63499999999999,5
734484,37103.89,40705.090000000004,4871.0,47.0,7,4,BA,1,3601.2000000000044,9.705720882635228,103.63829787234043,695.8571428571429,37103.89,1.2857142857142858,695.8571428571429,588.5714285714286,43518.0,0.0,0.0,4871.0,0.0,0.048,4871.048,0.0,103.63931914893617,0.9838141025641026,640.243390491453,146.15027693833943,7
734485,117386.03,96904.41,12787.0,113.0,16,7,F1,1,-20481.619999999995,-17.448089862141174,113.15929203539822,799.1875,117386.03,2.0625,799.1875,897.5,13546.8125,0.0,0.0,12767.25,67.989,0.244,12835.483,0.0,113.58834513274337,1.4631000311412128,696.5495698408581,93.8354193470056,13
734486,0.0,3852.13,651.0,8.0,1,1,SIN_SECTOR,1,3852.13,,81.375,651.0,0.0,0.0,651.0,0.0,100000.0,0.0,0.0,651.0,0.0,0.0,651.0,0.0,81.375,0.7916666666666666,285.2635714285714,82.03432142857142,7
734609,6607.11,7606.15,485.0,6.0,1,1,CO,1,999.04,15.120680600141363,80.83333333333333,485.0,6607.11,2.0,485.0,1000.0,1119.0,0.0,0.0,485.0,0.0,0.0,485.0,0.0,80.83333333333333,2.15,1241.6818333333333,77.84881666666666,2
734611,86535.69,80863.78,11596.0,109.0,16,6,F1,1,-5671.9100000000035,-6.55441702724044,106.38532110091744,724.75,86535.69,1.8,773.0666666666667,773.3333333333334,34129.333333333336,0.0,0.0,11596.0,0.0,0.041,11596.041,0.0,106.38569724770642,1.2938489078414253,734.0777022318819,104.45422166979537,9
734716,124479.75,95212.48999999999,13012.0,105.0,15,4,F1,1,-29267.26000000001,-23.511663543668757,123.92380952380952,867.4666666666667,124479.75,2.9285714285714284,929.4285714285714,1066.4285714285713,8391.07142857143,0.0,0.0,13012.0,0.0,0.0,13012.0,0.0,123.92380952380952,1.0193354692896062,693.6556371995707,130.40860724034408,9
734721,0.0,27963.59,2449.0,30.0,4,2,PE,1,27963.59,,81.63333333333334,612.25,0.0,1.0,612.25,770.0,999.0,43.21,0.0,2527.35,419.166,15.719,2962.234,43.21,98.74113333333334,1.4688644688644688,507.82979853479856,89.59359752747253,7
734722,439783.26,333373.96,30946.0,203.0,27,4,B1,1,-106409.29999999999,-24.195850474163112,152.44334975369458,1146.148148148148,439783.26,4.407407407407407,1146.148148148148,1356.2592592592594,34341.74074074074,1305.3700000000001,1086.48,30716.57,5246.927,467.911,36431.402,2391.8500000000004,179.46503448275863,2.241638356741951,1180.6738606163503,147.63426157246988,12
734725,404848.53,357809.79,29090.0,196.0,25,4,B1,1,-47038.74000000005,-11.618849153287044,148.41836734693877,1163.6,404848.53,4.08,1163.6,1286.96,17237.76,1095.42,1297.63,28730.8,4875.282,382.67,33988.751,2393.05,173.41199489795918,2.404830795402255,1474.400594763002,229.42073642940682,12
734726,213533.43,314032.58,30503.0,208.0,27,5,B1,1,100499.15000000002,47.06483195628901,146.64903846153845,1129.7407407407406,213533.43,2.6296296296296298,1134.037037037037,1057.6296296296296,23118.037037037036,1095.42,5973.68,30736.1,5052.222,330.68,36119.004,7069.1,173.6490576923077,2.1923129295981245,997.4072723153976,375.9837115541923,9
734792,318871.22000000003,200818.9,23170.0,213.0,26,11,EC,1,-118052.32000000004,-37.02194258860992,108.77934272300469,891.1538461538462,318871.22000000003,3.8076923076923075,891.1538461538462,1271.7307692307693,58735.192307692305,1095.42,0.0,25341.104,5611.427,104.587,31057.114999999998,1095.42,145.80805164319247,2.2374013094098038,1223.5138046835661,150.4517850520426,18
734864,93044.36,146110.28,17767.0,217.0,26,8,VA,1,53065.92,57.032924940318786,81.87557603686636,683.3461538461538,93044.36,1.9230769230769231,683.3461538461538,944.6153846153846,1128.2692307692307,0.0,246.23000000000002,19855.863,4657.892,120.303,24634.062,246.23000000000002,113.52102304147466,2.0057889632361947,1004.065686287762,818.3206479090793,17
734865,311293.43,208033.4,21653.0,206.0,25,12,EP,1,-103260.03,-33.171284726439616,105.1116504854369,866.12,311293.43,3.56,866.32,1226.48,49185.44,4.109999999999999,0.0,23665.414,5501.003,70.733,29237.149,4.109999999999999,141.9279077669903,2.616577546736459,1401.514333360699,128.85215704710762,19
734868,164414.65,177916.0,19578.0,155.0,20,4,B1,1,13501.350000000006,8.211768233548534,126.30967741935484,978.9,164414.65,3.0,982.65,1123.6,11132.7,82.15,0.0,19995.9,3260.755,158.094,23414.75,82.15,151.06290322580645,2.0008316134769624,831.2400418638208,100.61723445809143,9
734869,156073.65,168312.96,19058.0,162.0,22,4,B1,1,12239.309999999998,7.842009205269434,117.64197530864197,866.2727272727273,156073.65,2.5,866.2727272727273,1045.4545454545455,1234.1818181818182,0.0,0.0,18893.34,3273.527,318.042,22484.908,0.0,138.79572839506173,1.9006572670769852,819.9308715697515,148.68406865377295,11
734872,356965.76,291567.25,27872.0,205.0,27,5,B1,1,-65398.51000000001,-18.320667506037555,135.9609756097561,1032.2962962962963,356965.76,3.8518518518518516,1032.2962962962963,1267.2962962962963,26952.296296296296,1068.03,474.12,27696.01,5649.065,526.549,33871.619,1542.15,165.22740975609756,2.1296937096795046,1005.9698967548569,140.83708175014178,13
734873,226484.91,192566.97,19848.0,152.0,20,3,B1,1,-33917.94,-14.975805672881254,130.57894736842104,992.4,226484.91,3.5,992.4,1203.6,11229.0,1068.03,279.72,19962.72,3907.103,363.326,24233.15,1347.75,159.42861842105265,2.125416018392607,1047.0167857944266,224.06353098208928,13
734875,423656.77,300000.64,26961.0,189.0,23,5,B1,1,-123656.13,-29.187809273058473,142.65079365079364,1172.2173913043478,423656.77,4.565217391304348,1172.2173913043478,1399.4782608695652,79171.17391304347,0.0,0.0,26630.07,4727.59,346.703,31704.365999999998,0.0,167.74796825396825,2.228051260908404,1025.891193013468,133.9934656655844,8
734876,211594.34,216566.6,21593.0,177.0,24,7,B1,1,4972.260000000009,2.3499021760222933,121.99435028248588,899.7083333333334,211594.34,2.9583333333333335,901.3333333333334,1109.25,9493.791666666666,1076.09,106.92,21595.91,3801.39,296.224,25693.522,1183.01,145.16114124293784,1.7753829032106065,681.7197498346557,119.50630501012422,14
734878,112494.04,95908.92,14666.0,126.0,20,6,BA,1,-16585.119999999995,-14.743109946091362,116.39682539682539,733.3,112494.04,2.0,733.3,841.5,20970.35,0.0,0.0,14666.0,0.0,0.0,14666.0,0.0,116.39682539682539,1.3993115920741093,914.8027289550342,243.6605425228086,7
734881,169616.86,124514.17,16308.0,133.0,18,6,F1,1,-45102.68999999999,-26.590923803211542,122.61654135338345,906.0,169616.86,3.0,906.0,1093.9444444444443,12269.888888888889,0.0,0.0,16308.0,0.0,0.003,16308.003,0.0,122.61656390977444,1.6048802358006686,946.1720007843221,151.3174181698025,7
734882,143944.2,107337.18000000001,14194.0,114.0,16,6,BA,1,-36607.020000000004,-25.431396332745603,124.50877192982456,887.125,143944.2,3.066666666666667,946.2666666666667,1145.4,7862.6,0.0,0.0,14194.0,0.0,0.134,14194.134,0.0,124.50994736842105,1.5021344585053202,781.8909899404191,124.10366905995619,8
734883,27433.93,40512.37,7679.0,82.0,14,3,BA,1,13078.440000000002,47.67249898209991,93.64634146341463,548.5,27433.93,0.7857142857142857,548.5,311.42857142857144,71780.42857142857,0.0,0.0,7679.0,0.0,0.185,7679.185,0.0,93.64859756097562,0.9454715255247643,571.3292007820042,132.1022759822835,7
734885,35917.350000000006,29267.2,4661.0,38.0,7,3,F1,1,-6650.150000000005,-18.51514657957785,122.65789473684211,665.8571428571429,35917.35,2.5714285714285716,665.8571428571429,973.0,29462.285714285714,0.0,0.0,4661.0,0.0,0.158,4661.158,0.0,122.66205263157896,1.1625512193181364,571.3758343253968,94.81165985275689,8
734929,447667.19,264750.37,28108.0,195.0,26,5,B1,1,-182916.82,-40.8600013773625,144.14358974358976,1081.076923076923,447667.19,4.576923076923077,1081.8461538461538,1388.1538461538462,46971.38461538462,1268.8500000000001,0.0,28472.97,4874.532,311.938,33659.439,1268.8500000000001,172.61250769230767,2.118053338965602,1019.5880623916735,142.8060403041884,13
734930,0.0,2467.5699999999997,812.0,12.0,2,2,F1,1,2467.5699999999997,,67.66666666666667,406.0,0.0,0.0,406.0,0.0,100000.0,0.0,0.0,812.0,0.0,0.009,812.009,0.0,67.66741666666667,0.5642857142857143,358.87707142857147,80.01939761904762,7
734931,662641.91,382456.79,32394.0,194.0,26,5,B1,1,-280185.12000000005,-42.28303639895039,166.97938144329896,1245.923076923077,662641.91,5.153846153846154,1245.923076923077,1509.9615384615386,74172.65384615384,157.31,0.0,32250.111,5612.803,231.535,38094.45,157.31,196.3631443298969,1.995290343419974,871.5884389986203,143.67769223212494,14
734932,323474.87,268795.19,23983.0,170.0,22,5,B1,1,-54679.67999999999,-16.90384171110417,141.07647058823528,1090.1363636363637,323474.87,4.045454545454546,1090.1363636363637,1292.090909090909,28311.045454545456,172.07,312.66,23600.51,4044.386,279.295,27924.191,484.73,164.2599470588235,2.3727849910377805,1197.8988446248343,109.91492730110117,12
734934,272585.44,217686.07,18716.0,133.0,17,4,B1,1,-54899.369999999995,-20.140243000506555,140.7218045112782,1100.9411764705883,272585.44,4.0588235294117645,1100.9411764705883,1294.8823529411766,18842.941176470587,0.0,0.0,18638.76,3205.787,316.777,22161.32,0.0,166.62646616541352,1.996714680668169,817.228364391229,155.287986684488,8
734936,142037.76,107263.41,14436.0,115.0,15,3,F1,1,-34774.350000000006,-24.482468605531377,125.5304347826087,962.4,142037.76,2.933333333333333,962.4,1127.4,7837.2,0.0,0.0,14436.0,0.0,0.144,14436.143,0.0,125.53167826086957,1.3161779172322834,835.1727931998756,157.03687816222575,7
734937,62196.14,57200.5,7657.0,70.0,11,3,BA,1,-4995.639999999999,-8.032074016168849,109.38571428571429,696.0909090909091,62196.14,1.4545454545454546,696.0909090909091,707.2727272727273,28092.0,0.0,0.0,7657.0,0.0,0.165,7657.166,0.0,109.38808571428572,1.1346243387469335,655.0729429455398,155.54702829377905,7
734939,118797.26000000001,93884.39,12388.0,108.0,15,4,F1,1,-24912.87000000001,-20.97091296550106,114.70370370370371,825.8666666666667,118797.26,2.4,825.8666666666667,960.0666666666667,20975.933333333334,0.0,0.0,12388.0,0.0,0.292,12388.292,0.0,114.7064074074074,1.1789540131672638,642.5068853843168,108.2730392982948,8
734940,60783.28,52283.86,5683.0,44.0,6,2,B1,1,-8499.419999999998,-13.983154578035272,129.1590909090909,947.1666666666666,60783.28,3.3333333333333335,947.1666666666666,1188.5,17737.5,0.0,0.0,5876.75,1073.558,105.794,7056.104,0.0,160.366,2.514619262119262,1162.2827886587886,131.5730541145041,11
734941,4811.52,24648.5,2552.0,25.0,3,1,B1,1,19836.98,412.2809424048949,102.08,850.6666666666666,4811.52,1.3333333333333333,850.6666666666666,846.6666666666666,1039.0,1.98,0.0,2532.49,420.456,13.904,2966.85,1.98,118.67399999999999,1.911578947368421,758.8972947368421,85.03859201754386,10
734943,79516.66,141699.01,15441.0,130.0,19,5,B1,1,62182.350000000006,78.20040479567427,118.77692307692308,812.6842105263158,79516.66,1.9473684210526316,812.6842105263158,940.5263157894736,1139.6842105263158,579.65,854.0,15350.19,3005.994,329.47,18685.657,1433.65,143.73582307692308,1.9840566406503213,755.10273434697,87.65238865299847,8
734944,348420.37,215062.25,26551.0,191.0,24,6,B1,1,-133358.12,-38.27506411292772,139.0104712041885,1106.2916666666667,348420.37,4.125,1106.2916666666667,1318.0833333333333,59472.541666666664,0.0,0.0,26272.13,4391.6,327.66,30991.386,0.0,162.25856544502616,2.1635941449750633,956.949307024151,133.59809174722022,8
734946,143474.39,196481.78999999998,18264.0,148.0,19,3,B1,1,53007.399999999965,36.94554826126109,123.4054054054054,961.2631578947369,143474.39,2.789473684210526,968.1578947368421,1091.157894736842,11617.578947368422,7.61,1068.38,17976.31,3002.013,259.95,21238.272,1075.99,143.50183783783785,2.0755414827972705,897.3855652824612,210.21773648993874,8
734947,45203.51,123262.62,12704.0,112.0,15,2,B1,1,78059.10999999999,172.68373628508047,113.42857142857143,846.9333333333333,45203.51,1.6666666666666667,846.9333333333333,903.4,7649.0,0.0,96.11,12406.15,1981.937,134.208,14522.294,96.11,129.66333928571427,2.047991056562485,828.2451908161283,123.18562768106894,8
735000,180738.23,134804.12,18367.0,150.0,22,6,F1,1,-45934.110000000015,-25.41471718517992,122.44666666666667,834.8636363636364,180738.23,2.4545454545454546,834.8636363636364,950.4545454545455,14740.363636363636,0.0,0.0,18367.0,0.0,0.302,18367.301,0.0,122.44867333333333,1.462603008432445,951.1200259230883,160.31236101557485,7
735001,0.0,4442.05,1077.0,18.0,5,4,F1,1,4442.05,,59.833333333333336,215.4,0.0,0.0,215.4,0.0,100000.0,0.0,0.0,1077.0,0.0,0.022,1077.022,0.0,59.83455555555555,0.375,251.44991071428575,51.87626726190476,8
735004,109630.38,97051.85,13625.0,118.0,17,4,F1,1,-12578.529999999999,-11.473580589613935,115.46610169491525,801.4705882352941,109630.38,2.0,851.5625,815.625,25929.4375,0.0,0.0,13625.0,0.0,0.243,13625.242,0.0,115.46815254237288,1.2828711343051415,794.6965730605256,198.80913552510495,7
735006,50072.67,42672.57,5846.0,53.0,10,6,F1,1,-7400.0999999999985,-14.7787206074691,110.30188679245283,584.6,50072.67,1.3,584.6,531.0,50623.7,0.0,0.0,5846.0,0.0,0.0,5846.0,0.0,110.30188679245283,1.0687256720870166,661.8874548486061,122.7941042735276,7
735021,131593.45,165045.37,17399.0,146.0,19,4,B1,1,33451.919999999984,25.420657335148505,119.17123287671232,915.7368421052631,131593.45,2.6315789473684212,926.6315789473684,1056.3684210526317,6425.0526315789475,99.96,616.74,17883.446,3534.2580000000003,197.683,21615.389,716.7,148.0506095890411,1.6906419180772287,620.6864728743415,152.10798077871783,14
735022,39684.39,147437.2,15163.0,139.0,19,5,B1,1,107752.81000000001,271.5244205593182,109.0863309352518,798.0526315789474,39684.39,1.4736842105263157,798.1052631578947,857.3684210526316,1066.421052631579,98.28,1330.42,15364.82,2637.9700000000003,240.605,18243.394,1428.7,131.24743884892086,1.9761295556786274,878.9511920252982,116.8722829895884,14
735023,0.0,2561.87,501.0,10.0,2,2,B1,1,2561.87,,50.1,250.5,0.0,1.0,250.5,770.0,999.0,20.69,0.0,501.4,159.285,7.859,668.543,20.69,66.8543,1.2083333333333333,129.00357142857143,34.98496428571429,7
735024,346583.51,254072.19999999998,25203.0,174.0,23,1,B1,1,-92511.31000000003,-26.692357636980486,144.8448275862069,1095.7826086956522,346583.51,4.217391304347826,1097.0,1322.8695652173913,27172.347826086956,1903.9,0.0,25340.0,4034.043,290.782,29664.825,1903.9,170.4875,2.6039188143241665,1404.8269751616835,269.39578938085884,9
735026,102578.9,221762.8,21323.0,170.0,22,4,B1,1,119183.9,116.18753954273247,125.42941176470588,969.2272727272727,102578.9,2.1363636363636362,969.2272727272727,979.5454545454545,46531.0,614.79,1763.36,21027.44,3856.297,253.905,25137.638,2378.1499999999996,147.8684588235294,1.9505340064914096,803.5018197369061,81.5346223506086,13
735027,390709.83,310905.0,26121.0,171.0,22,4,B1,1,-79804.83000000002,-20.425600758496405,152.75438596491227,1187.3181818181818,390709.83,4.2727272727272725,1187.3181818181818,1341.1363636363637,69231.86363636363,0.0,1935.9,26035.19,4789.801,432.242,31257.232,1935.9,182.79083040935672,2.4820091748488133,1276.9914222708576,217.4815822166043,8
735028,239594.9,224927.31,21625.0,169.0,22,6,B1,1,-14667.589999999997,-6.121828970483093,127.9585798816568,982.9545454545455,239594.9,3.5454545454545454,982.9545454545455,1233.3636363636363,64634.77272727273,0.0,714.42,21558.86,4402.806,395.96999999999997,26357.637,714.42,155.96234911242604,2.0802195061699056,993.9729016025252,170.83310879159336,14
735029,80817.5,141878.95,15807.0,142.0,19,3,B1,1,61061.45000000001,75.55473752590716,111.3169014084507,831.9473684210526,80817.5,2.0,831.9473684210526,974.2105263157895,1135.421052631579,28.759999999999998,0.0,15666.26,2514.7,90.682,18271.638,28.759999999999998,128.6735070422535,1.917931820163963,742.7110044332837,90.48215273628281,8
735031,402344.78,282552.86,25060.0,144.0,19,3,B1,1,-119791.92000000004,-29.773449527542034,174.02777777777777,1318.9473684210527,402344.78,5.2631578947368425,1324.6315789473683,1493.842105263158,69756.42105263157,36.36,2797.74,25016.38,4237.0,309.522,29562.903000000002,2834.1,205.29793750000002,2.4912498947788784,1238.625809411461,192.55565771921266,8
735032,159065.18,197204.6,18021.0,142.0,20,1,B1,1,38139.42000000001,23.977227448521425,126.90845070422536,901.05,159065.18,2.8,901.05,1076.5,1277.3,171.76,417.15000000000003,18080.87,2955.538,115.467,21151.871,588.9100000000001,148.95683802816902,2.088425731974119,975.026193207032,262.4843635197986,12
735091,16733.96,16836.37,2512.0,27.0,4,3,B1,1,102.40999999999985,0.6119890330800352,93.03703703703704,628.0,16733.96,2.5,628.0,1040.25,25816.5,24.8,0.0,2720.27,565.848,10.882000000000001,3297.0,24.8,122.11111111111111,1.6871794871794872,638.5177435897436,133.75286923076922,12
735093,270916.13,227334.63,19816.0,153.0,20,4,B1,1,-43581.5,-16.086712887859427,129.51633986928104,990.8,270916.13,3.75,990.8,1253.3,30938.75,1096.94,0.0,20093.25,4256.032,360.301,24709.585,1096.94,161.50055555555554,2.344872277291119,1192.8121687537569,486.5359815282685,14
735094,0.0,7562.32,790.0,8.0,1,1,B1,1,7562.32,,98.75,790.0,0.0,1.0,790.0,770.0,999.0,0.0,0.0,760.67,192.775,3.023,956.468,0.0,119.5585,2.2833333333333337,1058.6830555555555,478.5959722222222,6
735097,21687.04,113396.70999999999,11633.0,115.0,15,4,B1,1,91709.66999999998,422.8777647848668,101.15652173913044,775.5333333333333,21687.04,1.3333333333333333,775.5333333333333,839.3333333333334,1041.0,13.39,139.75,11452.220000000001,2147.577,82.819,13682.618,153.14,118.97928695652175,1.635769812180916,582.9220197304788,65.45533173331405,13
735098,189838.89,204616.03,19162.0,146.0,19,3,B1,1,14777.139999999985,7.784042563670692,131.24657534246575,1008.5263157894736,189838.89,3.3684210526315788,1008.5263157894736,1201.6315789473683,59053.0,0.0,37.8,19006.41,3247.618,190.429,22444.458,37.8,153.72916438356162,2.005582045650198,970.2864767287466,171.79158040747308,14
735099,351245.32,272377.38,23828.0,163.0,22,3,B1,1,-78867.94,-22.453805220806927,146.1840490797546,1083.090909090909,351245.32,4.136363636363637,1086.409090909091,1306.590909090909,23854.363636363636,8.98,0.0,23952.55,3732.058,301.712,27986.317,8.98,171.6951963190184,2.3864523298181983,1170.8184381249573,1272.8777043755117,8
735100,191146.15,178977.17,18570.0,147.0,19,3,B1,1,-12168.979999999981,-6.366322314103623,126.3265306122449,977.3684210526316,191146.15,3.3157894736842106,989.8947368421053,1183.8947368421052,22055.42105263158,38.18,0.0,18527.35,3389.536,313.185,22230.071,38.18,151.22497278911564,2.2064035171178027,1199.6461149921508,178.92518530081028,7
735101,518077.57,346586.65,28456.0,176.0,23,3,B1,1,-171490.91999999998,-33.101398309909456,161.6818181818182,1237.2173913043478,518077.57,5.3478260869565215,1250.9565217391305,1518.7826086956522,53034.30434782609,55.38,328.86,28546.55,5152.402,266.601,33965.551999999996,384.24,192.98609090909088,2.5334544248935003,1277.7216140173143,311.85809864480905,8
735102,428825.06,308546.58,27988.0,169.0,22,5,B1,1,-120278.47999999998,-28.04837944871971,165.6094674556213,1272.1818181818182,428825.06,4.7272727272727275,1272.1818181818182,1396.590909090909,23969.045454545456,1837.25,2553.67,27853.43,4781.856,347.003,32982.287,4390.92,195.1614615384615,2.49303216189742,1215.073742988465,147.30828106030398,8
735103,84131.48,135528.75,13647.0,117.0,16,3,B1,1,51397.270000000004,61.09160328571422,116.64102564102564,852.9375,84131.48,2.1875,852.9375,990.0,1161.5625,60.25,0.0,13396.1,2320.469,61.363,15777.932,60.25,134.85411965811966,2.077537938252224,871.0912551320208,129.02484679296398,8
735105,158805.58,130052.28,17751.0,147.0,23,6,F1,1,-28753.29999999999,-18.10597587313997,120.75510204081633,771.7826086956521,158805.58,2.1739130434782608,771.7826086956521,860.8695652173913,22720.260869565216,0.0,0.0,17751.0,0.0,0.0,17751.0,0.0,120.75510204081633,1.4458315171698837,768.3548829849896,277.3762794028562,8
735109,45174.270000000004,44252.31,8013.0,90.0,15,6,F1,1,-921.9600000000064,-2.0408962889715903,89.03333333333333,534.2,45174.270000000004,1.0,572.3571428571429,484.2857142857143,50563.78571428572,0.0,0.0,8013.0,0.0,0.123,8013.121,0.0,89.03467777777777,0.8803783410383124,495.45836683322045,105.99928985078246,8
735190,9300.77,52218.47,5387.0,57.0,8,2,B1,1,42917.7,461.4424397119808,94.50877192982456,673.375,9300.77,1.25,673.375,827.5,1029.0,0.0,0.0,5329.28,1006.6700000000001,60.452999999999996,6396.402,0.0,112.21757894736842,2.130883144005316,989.6422379133472,189.35958150525946,14
735191,35038.47,57643.71,6561.0,60.0,8,4,B1,1,22605.239999999998,64.51548826190184,109.35,820.125,35038.47,2.125,820.125,963.75,1162.875,0.0,0.0,6760.62,1367.798,62.872,8191.29,0.0,136.5215,1.6952991452991453,563.4009079365079,160.53324896825396,14
735192,24654.68,45805.2,4892.0,43.0,6,3,B1,1,21150.519999999997,85.78703921527271,113.76744186046511,815.3333333333334,24654.68,2.0,815.3333333333334,963.3333333333334,1129.0,0.0,0.0,4883.83,799.626,55.013,5738.47,0.0,133.45279069767443,2.150772430184195,1142.3550151515153,117.66977303178847,6
735193,38981.42,76309.78,7817.0,68.0,9,3,B1,1,37328.36,95.7593643330592,114.95588235294117,868.5555555555555,38981.42,2.0,868.5555555555555,954.4444444444445,1141.3333333333333,300.32,0.0,7425.81,1430.43,80.402,8936.644,300.32,131.42123529411765,1.9660824781890156,774.941127169088,107.57465429109497,8
735194,32309.25,60410.26,6786.0,59.0,8,3,B1,1,28101.010000000002,86.97512322322555,115.01694915254237,848.25,32309.25,2.0,848.25,972.5,1126.5,2160.86,0.0,6797.28,1038.458,29.019000000000002,7864.754,2160.86,133.30091525423728,1.7052136752136753,530.6162087606838,196.62308165064104,8
735195,73160.11,81046.70999999999,8205.0,71.0,9,2,B1,1,7886.599999999991,10.779918182189709,115.56338028169014,911.6666666666666,73160.11,2.7777777777777777,911.6666666666666,1082.3333333333333,12209.333333333334,2072.16,0.0,8244.619999999999,1408.527,77.68599999999999,9730.832999999999,2072.16,137.05398591549294,2.397333110318168,1213.621835071708,122.76412101317504,13
735196,22921.010000000002,58931.9,7442.0,80.0,10,3,B1,1,36010.89,157.1086527164379,93.025,744.2,22921.010000000002,1.5,744.2,855.0,1076.1,167.66,0.0,7584.81,1252.539,68.917,8906.264,167.66,111.32829999999998,1.5056439325949307,446.8565776496391,79.59751815422176,12
735197,73190.15000000001,33237.61,7098.0,76.0,9,7,NT,1,-39952.54000000001,-54.587318102230974,93.39473684210526,788.6666666666666,73190.15000000001,3.0,788.6666666666666,1157.7777777777778,112171.44444444444,3.19,0.0,8522.321,1771.8410000000001,39.9,10334.06,3.19,135.97447368421052,1.5654924313880172,518.0754378562078,108.54711001046445,11
735198,0.0,51752.41,8123.0,109.0,14,8,AM,1,51752.41,,74.5229357798165,580.2142857142857,0.0,1.0,580.2142857142857,770.0,999.0,0.0,0.0,9330.161,2292.704,43.528,11666.392,0.0,107.03111926605504,1.727662813377099,678.6742091400663,105.06545897965259,14
735199,0.0,8586.72,1792.0,29.0,4,3,JC,1,8586.72,,61.793103448275865,448.0,0.0,1.0,448.0,770.0,999.0,0.0,0.0,2207.9030000000002,496.828,7.256,2711.985,0.0,93.51672413793104,1.4359523809523809,386.66550595238095,70.95874833333333,10
735200,43952.64,35864.85,4104.0,39.0,5,4,B1,1,-8087.790000000001,-18.40114723484187,105.23076923076923,820.8,43952.64,3.0,820.8,1132.0,1301.4,0.0,0.0,4435.409,1036.227,3.6270000000000002,5475.262000000001,0.0,140.39133333333334,1.9563129097792964,899.1431173879809,147.8064265136824,14
735201,0.0,34832.61,3068.0,36.0,5,2,B1,1,34832.61,,85.22222222222223,613.6,0.0,1.0,613.6,770.0,999.0,216.79,0.0,2941.6,735.692,48.965999999999994,3726.259,216.79,103.50719444444445,1.826107226107226,728.0807272727272,99.207430550402,14
735242,110969.47,74054.78,8694.0,62.0,8,2,B1,1,-36914.69,-33.26562702336057,140.2258064516129,1086.75,110969.47,3.875,1086.75,1285.5,50629.125,0.0,0.0,8580.75,1622.131,128.766,10331.647,0.0,166.6394677419355,2.0515873015873014,992.2452195767195,111.87958095238095,7
735243,49848.97,70508.38,7883.0,73.0,10,2,B1,1,20659.410000000003,41.44400576381017,107.98630136986301,788.3,49848.97,2.3,788.3,998.0,1192.2,27.54,0.0,7933.610000000001,1387.566,56.221,9377.399,27.54,128.4575205479452,1.7202665507750252,707.618262856729,100.13145763436188,13
735244,35254.92,45963.479999999996,6976.0,65.0,9,2,B1,1,10708.559999999998,30.374654090833275,107.32307692307693,775.1111111111111,35254.92,2.0,775.1111111111111,963.3333333333334,1129.0,9.13,0.0,7117.27,1246.319,74.182,8437.771,9.13,129.81186153846156,1.8169008878368484,727.2877942834396,88.65741160230027,7
735245,76139.43,73689.67,6805.0,58.0,7,3,B1,1,-2449.7599999999948,-3.21746564165242,117.32758620689656,972.1428571428571,76139.43,3.2857142857142856,972.1428571428571,1160.142857142857,15407.714285714286,0.0,0.0,6996.88,1328.915,114.258,8440.052,0.0,145.5181379310345,1.9021892521892523,894.9889431739432,354.9779863541863,13
735247,144877.57,79772.16,7526.0,49.0,6,1,B1,1,-65105.41,-44.938226117403815,153.59183673469389,1254.3333333333333,144877.57,5.5,1254.3333333333333,1538.6666666666667,34564.166666666664,0.0,0.0,7848.86,1358.029,117.883,9324.773000000001,0.0,190.3014897959184,1.906235431235431,877.401418997669,100.63648094405595,11
735248,90829.20999999999,75110.44,7371.0,56.0,7,3,B1,1,-15718.76999999999,-17.305853480394678,131.625,1053.0,90829.21,3.5714285714285716,1053.0,1214.5714285714287,29512.0,0.0,0.0,7565.8,1544.462,73.753,9184.017,0.0,164.00030357142856,2.285100485100485,1202.515224903475,155.6212440556628,14
735249,3403.98,73648.73,6618.0,71.0,10,5,B1,1,70244.75,2063.606425419656,93.21126760563381,661.8,3403.98,1.3,661.8,828.0,1038.0,0.0,0.0,6413.65,1273.951,99.748,7787.349,0.0,109.68097183098591,1.6092949765718643,635.8990997875123,80.28017775053577,7
735250,40838.08,62201.58,6256.0,56.0,7,3,B1,1,21363.5,52.31269442637851,111.71428571428571,893.7142857142857,40838.08,2.7142857142857144,893.7142857142857,1074.2857142857142,1242.0,191.7,0.0,6375.2,1091.523,44.132,7510.853,191.7,134.122375,1.6701179577376568,713.2253823103481,80.12048500623862,13
735251,53079.37,58234.61,5823.0,46.0,6,2,B1,1,5155.239999999998,9.712323262314527,126.58695652173913,970.5,53079.369999999995,3.0,970.5,1130.1666666666667,17692.5,60.7,0.0,5768.87,906.0120000000001,93.097,6767.979,60.7,147.12997826086956,2.2512368583797153,1207.6353673143897,123.22441644696156,7
735273,28890.17,33604.12,6413.0,66.0,11,4,F1,1,4713.950000000004,16.31679564363936,97.16666666666667,583.0,28890.17,0.9090909090909091,583.0,454.54545454545456,55054.09090909091,0.0,0.0,6413.0,0.0,0.0,6413.0,0.0,97.16666666666667,1.0813644423286557,536.0194538883193,509.59670588183053,8
735274,48000.86,39167.62,5301.0,45.0,8,5,F1,1,-8833.239999999998,-18.40225362628919,117.8,662.625,48000.86,2.7142857142857144,757.2857142857143,990.0,15429.57142857143,0.0,0.0,5301.0,0.0,0.14200000000000002,5301.142,0.0,117.80315555555555,1.6025720367198262,877.717676903506,135.33298005438587,8
735275,66442.68,54630.58,7982.0,69.0,9,5,BA,1,-11812.099999999991,-17.77788012163265,115.68115942028986,886.8888888888889,66442.68,2.4444444444444446,886.8888888888889,972.2222222222222,12214.777777777777,0.0,0.0,7982.0,0.0,0.13899999999999998,7982.139,0.0,115.68317391304348,1.0761475830162233,633.2252749458117,100.85723406175488,7
735276,0.0,7658.639999999999,1509.0,18.0,4,3,BA,1,7658.639999999999,,83.83333333333333,377.25,0.0,0.25,377.25,192.5,100000.0,3.96,0.0,1514.77,113.152,0.0,1627.922,3.96,90.44011111111111,0.9476584022038567,306.91858815426997,79.23655651974288,11
735277,35947.7,36270.87,5440.0,51.0,8,4,F1,1,323.17000000000553,0.8990004923820037,106.66666666666667,680.0,35947.7,1.375,680.0,640.0,38218.125,0.0,0.0,5440.0,0.0,0.147,5440.149,0.0,106.66958823529413,1.2567949139953747,703.7959282789791,98.4556515176567,7
735320,4811.52,5732.48,947.0,8.0,1,1,B1,1,920.9599999999991,19.14072891726521,118.375,947.0,4811.52,2.0,947.0,1000.0,1119.0,0.0,0.0,943.92,126.931,1.209,1072.06,0.0,134.0075,2.8125,1445.909375,141.048125,4
735321,4804.0,10152.15,863.0,8.0,1,1,A3,1,5348.15,111.32701915070773,107.875,863.0,4804.0,2.0,863.0,1000.0,1119.0,0.0,0.0,852.84,157.854,3.627,1014.321,0.0,126.790125,1.8857142857142857,660.8714285714286,66.59550396825398,6
735322,4811.52,8073.66,888.0,8.0,1,1,B1,1,3262.1399999999994,67.79853351955305,111.0,888.0,4811.52,2.0,888.0,1000.0,1119.0,0.0,0.0,858.99,217.121,3.023,1079.133,0.0,134.891625,2.4791666666666665,1332.2606250000001,129.91600000000003,6
735323,27887.47,17019.38,1381.0,8.0,1,1,B1,1,-10868.09,-38.97122973148873,172.625,1381.0,27887.47,6.0,1381.0,1570.0,1819.0,0.0,0.0,1384.88,242.089,24.786,1651.755,0.0,206.469375,2.75,1771.0739583333334,172.94627083333336,4
735324,7431.95,11322.5,1104.0,8.0,1,1,B1,1,3890.55,52.34897974286695,138.0,1104.0,7431.95,3.0,1104.0,1120.0,1269.0,0.0,0.0,1081.86,115.42,3.627,1200.907,0.0,150.113375,2.5625,1686.5971875,306.4755,4
735325,7769.39,7337.69,924.0,9.0,1,1,B1,1,-431.7000000000007,-5.556420774346515,102.66666666666667,924.0,7769.39,3.0,924.0,1120.0,1269.0,0.0,0.0,925.99,259.732,48.363,1234.085,0.0,137.12055555555557,2.511904761904762,1240.9891071428572,101.30873214285715,7
735326,4811.52,11919.44,1008.0,8.0,1,1,B1,1,7107.92,147.72712157488692,126.0,1008.0,4811.52,2.0,1008.0,1000.0,1119.0,0.0,0.0,1006.19,79.083,0.0,1085.273,0.0,135.659125,2.0,777.0074999999999,95.5358125,2
735327,6831.18,5600.85,938.0,8.0,1,1,B1,1,-1230.33,-18.010504773699417,117.25,938.0,6831.18,3.0,938.0,1120.0,1269.0,0.0,0.0,925.91,186.904,29.018,1141.832,0.0,142.729,1.5,394.53525,69.697125,5
735328,4811.52,7708.0,881.0,8.0,1,1,PE,1,2896.4799999999996,60.198856078744335,110.125,881.0,4811.52,2.0,881.0,1000.0,1119.0,0.0,0.0,915.8,120.345,1.209,1037.354,0.0,129.66925,1.7857142857142856,551.7917857142857,88.21476785714286,4
735372,0.0,8563.06,753.0,8.0,1,1,A3,1,8563.06,,94.125,753.0,0.0,1.0,753.0,770.0,999.0,150.32,0.0,711.82,188.618,5.441,905.879,150.32,113.234875,1.9,725.5308,74.20918666666668,5
735411,6939.79,7222.98,1015.0,8.0,1,1,B1,1,283.1899999999996,4.080671028950438,126.875,1015.0,6939.79,3.0,1015.0,1120.0,1269.0,0.0,0.0,1040.53,111.378,0.605,1152.513,0.0,144.064125,2.0476190476190474,1050.0594047619047,134.83264285714284,4
735413,15297.14,4564.87,1089.0,8.0,1,1,B1,1,-10732.27,-70.15867018279235,136.125,1089.0,15297.14,4.0,1089.0,1270.0,1500.0,0.0,0.0,1107.53,275.111,2.418,1385.059,0.0,173.132375,2.2956349206349205,1221.1601190476192,650.3492599206348,6
735414,0.0,11414.39,720.0,9.0,1,1,N1,1,11414.39,,80.0,720.0,0.0,1.0,720.0,770.0,999.0,0.0,0.0,671.31,133.743,2.418,807.471,0.0,89.719,1.6833333333333331,759.8053333333334,129.21794666666668,10
735416,7614.92,7661.85,998.0,8.0,1,1,B1,1,46.93000000000029,0.6162901251753176,124.75,998.0,7614.92,3.0,998.0,1120.0,1269.0,0.0,0.0,1081.06,119.095,18.741,1218.896,0.0,152.362,1.9357142857142857,684.275,107.57167857142858,5
735418,6730.77,3844.67,937.0,8.0,1,1,B3,1,-2886.1000000000004,-42.87919509952056,117.125,937.0,6730.77,3.0,937.0,1120.0,1269.0,0.0,0.0,939.92,182.075,9.673,1131.667,0.0,141.458375,1.2,190.78809523809525,58.073345238095236,6
735435,0.0,0.0,49.0,1.0,1,1,F1,1,0.0,,49.0,49.0,0.0,0.0,49.0,0.0,100000.0,0.0,0.0,49.0,0.0,0.008,49.008,0.0,49.008,0.0,0.0,49.0,1
735486,32354.68,35955.58,7061.0,78.0,10,4,F1,1,3600.9000000000015,11.129456387762145,90.52564102564102,706.1,32354.68,0.9,706.1,466.0,50550.5,0.0,0.0,7061.0,0.0,0.706,7061.707,0.0,90.53470512820513,0.7563240567121075,489.4004374121276,193.5022753541589,7
735487,32763.899999999998,35308.7,6900.0,70.0,9,5,F1,1,2544.7999999999993,7.767085115019882,98.57142857142857,766.6666666666666,32763.899999999998,1.1111111111111112,766.6666666666666,555.5555555555555,45066.11111111111,0.0,0.0,6900.0,0.0,0.288,6900.288,0.0,98.57554285714285,0.8597236294044804,512.8700596894585,102.28279979101846,7
735488,11419.55,39860.66,6971.0,85.0,12,5,F1,1,28441.110000000004,249.0563113257528,82.01176470588236,580.9166666666666,11419.55,0.25,580.9166666666666,147.5,83509.83333333333,0.0,0.0,6971.0,0.0,0.213,6971.213,0.0,82.01427058823529,0.8497958051537653,543.4773146056016,129.08361276459075,7
735489,30827.870000000003,51399.12,9701.0,112.0,14,4,BA,1,20571.25,66.72939129430608,86.61607142857143,692.9285714285714,30827.870000000003,0.7142857142857143,692.9285714285714,305.07142857142856,78802.57142857143,0.0,0.0,9701.0,0.0,0.314,9701.314,0.0,86.618875,0.705219095868977,455.74243520774246,106.3325550120219,7
735490,0.0,20187.39,5701.0,78.0,10,4,F1,1,20187.39,,73.08974358974359,570.1,0.0,0.0,570.1,0.0,100000.0,0.0,0.0,5701.0,0.0,0.45,5701.45,0.0,73.09551282051282,0.6128942929297854,389.17561083105005,149.16709428756693,7
735492,0.0,72791.57,6719.0,117.0,15,9,VA,1,72791.57,,57.427350427350426,447.93333333333334,0.0,1.0,447.93333333333334,770.0,999.0,46.86,0.0,7452.242,2013.746,45.342999999999996,9511.327,46.86,81.29339316239316,1.5508479067302596,486.70410331110327,112.67215507261615,17
735493,4811.52,52977.03,8583.0,107.0,14,4,B1,1,48165.509999999995,1001.0456155227452,80.21495327102804,613.0714285714286,4811.52,1.0714285714285714,613.0714285714286,786.4285714285714,1007.5714285714286,7.45,0.0,8551.62,1499.0,94.914,10145.532,7.45,94.81805607476635,1.6157879459193918,473.7977340488437,61.23676170577851,8
735494,19237.230000000003,71162.83,11236.0,123.0,16,3,B1,1,51925.6,269.9224368581131,91.34959349593495,702.25,19237.230000000003,1.25,702.25,827.5,1029.0,2117.5,0.0,11361.19,1777.415,127.557,13266.16,2117.5,107.8549593495935,1.9930426716141003,890.5677822307902,271.1025393736472,8
735495,7987.81,72650.94,10414.0,125.0,17,5,B1,1,64663.130000000005,809.5226351152569,83.312,612.5882352941177,7987.81,1.1176470588235294,612.5882352941177,790.5882352941177,1014.8823529411765,5106.47,0.0,10443.539999999999,1264.502,45.945,11753.988,5106.47,94.031904,1.7220605669788973,580.0563461635411,76.1020654514616,8
735496,25144.690000000002,106488.52,11605.0,131.0,17,5,B1,1,81343.83,323.5030139564258,88.58778625954199,682.6470588235294,25144.690000000002,1.3529411764705883,682.6470588235294,838.2352941176471,1044.8823529411766,593.8100000000001,0.0,11946.03,2305.121,82.82,14333.971,593.8100000000001,109.41962595419847,1.7449997015123064,720.4475793541193,81.76722359120804,14
735497,9623.04,79672.19,9311.0,113.0,17,3,B1,1,70049.15,727.9316099694066,82.39823008849558,547.7058823529412,9623.04,1.1176470588235294,547.7058823529412,797.0588235294117,1013.1176470588235,363.92,0.0,9380.88,1544.385,104.584,11029.851,363.92,97.60930088495576,1.7650194909424444,731.3336016091829,82.6956296657989,7
735498,19246.08,65472.96,10247.0,123.0,16,4,B1,1,46226.88,240.18854748603346,83.3089430894309,640.4375,19246.08,1.25,643.625,827.5,1029.0,97.83,0.0,10218.710000000001,2245.81,259.346,12723.868,97.83,103.446081300813,1.732092486117254,564.4231762897942,85.68519842191263,8
735499,0.0,19355.17,2277.0,32.0,4,2,B1,1,19355.17,,71.15625,569.25,0.0,1.0,569.25,770.0,999.0,79.87,0.0,2184.24,424.327,40.503,2649.07,79.87,82.7834375,1.4837962962962965,484.64002314814815,50.800797839506174,6
735500,0.0,19641.05,2156.0,34.0,5,2,B1,1,19641.05,,63.411764705882355,431.2,0.0,1.0,431.2,770.0,999.0,98.89,0.0,2148.86,296.734,12.091,2457.684,98.89,72.28482352941177,1.396825396825397,282.9094212962963,36.189644675925926,8
735501,0.0,7686.49,3266.0,53.0,9,3,B1,1,7686.49,,61.62264150943396,362.8888888888889,0.0,1.0,362.8888888888889,770.0,999.0,2652.11,0.0,3293.55,541.976,17.532,3853.057,2652.11,72.69918867924528,1.566620879120879,399.6496434294872,73.20361177884615,8
735502,0.0,53393.31,8627.0,115.0,17,3,B1,1,53393.31,,75.01739130434783,507.47058823529414,0.0,1.0,507.47058823529414,770.0,999.0,162.49,0.0,8622.49,1540.614,158.388,10321.49,162.49,89.75208695652174,1.6326128936423057,508.46817401960783,64.14418072001527,7
735586,0.0,8164.18,1153.0,16.0,2,2,B1,1,8164.18,,72.0625,576.5,0.0,1.0,576.5,770.0,999.0,0.0,0.0,1116.1100000000001,288.707,26.6,1431.417,0.0,89.4635625,1.7023809523809526,462.12163265306117,43.76810204081632,7
735587,0.0,12197.869999999999,1787.0,27.0,4,3,B1,1,12197.869999999999,,66.18518518518519,446.75,0.0,1.0,446.75,770.0,999.0,82.16,0.0,1780.07,404.163,21.159,2205.393,82.16,81.68122222222222,1.5965909090909092,462.56341883116886,58.73099571428571,5
735588,0.0,20806.49,2469.0,33.0,4,1,B1,1,20806.49,,74.81818181818181,617.25,0.0,1.0,617.25,770.0,999.0,32.86,0.0,2463.0,318.655,26.599,2808.254,32.86,85.09860606060606,1.5996168582375478,451.09758620689655,53.306113574165295,6
735589,4811.52,24022.47,3129.0,34.0,4,1,B1,1,19210.95,399.2698772944932,92.02941176470588,782.25,4811.52,1.25,782.25,827.5,1029.0,0.0,0.0,3103.2,554.234,37.482,3694.916,0.0,108.674,2.2111111111111112,1185.7486833333335,132.23929,5
735590,0.0,18212.23,2802.0,32.0,4,2,PE,1,18212.23,,87.5625,700.5,0.0,1.0,700.5,770.0,999.0,7.3,0.0,2821.2799999999997,550.668,45.944,3417.893,7.3,106.80915625,1.5297619047619049,404.9395663265306,58.61389880952381,7
735591,7933.6,28852.729999999996,3273.0,32.0,4,1,B1,1,20919.129999999997,263.6776494907734,102.28125,818.25,7933.6,1.5,818.25,857.5,1066.5,3.35,0.0,3260.98,575.6469999999999,28.413,3865.041,3.35,120.78253125,1.8282051282051281,785.9369009552538,80.19919366515838,6
735592,6608.03,16276.740000000002,2901.0,32.0,4,4,F1,1,9668.710000000003,146.31758633057058,90.65625,725.25,6608.03,0.5,725.25,250.0,75279.75,0.0,0.0,2901.0,0.0,0.062,2901.062,0.0,90.6581875,0.817304625199362,539.7589131269732,106.71684123457996,7
735593,11419.55,16186.64,3142.0,32.0,4,4,F1,1,4767.09,41.744989951442925,98.1875,785.5,11419.55,0.75,785.5,442.5,50529.5,0.0,0.0,3142.0,0.0,0.07300000000000001,3142.0730000000003,0.0,98.18978125000001,1.0931690698607992,736.5379821632002,138.2642605377079,7
735594,0.0,10711.06,2312.0,32.0,4,3,F1,1,10711.06,,72.25,578.0,0.0,0.0,578.0,0.0,100000.0,0.0,0.0,2312.0,0.0,0.389,2312.389,0.0,72.26215625,0.8932748538011696,633.2693880534671,311.36687896825396,7
735595,0.0,17738.14,2752.0,32.0,4,4,FQ,1,17738.14,,86.0,688.0,0.0,0.0,688.0,0.0,100000.0,0.0,0.0,2752.0,0.0,0.197,2752.197,0.0,86.00615625,0.6013614163614164,311.33771298076925,72.07276413919413,8
735668,0.0,3182.12,715.0,15.0,2,2,FB,1,3182.12,,47.666666666666664,357.5,0.0,0.0,357.5,0.0,100000.0,0.0,0.0,715.0,0.0,0.127,715.127,0.0,47.67513333333333,0.3333333333333333,180.50437499999998,50.6174125,6
735669,0.0,4917.19,657.0,8.0,1,1,FQ,1,4917.19,,82.125,657.0,0.0,0.0,657.0,0.0,100000.0,0.0,0.0,657.0,0.0,0.167,657.167,0.0,82.145875,0.6190476190476192,377.36428571428576,79.74132142857142,7
735670,0.0,1522.87,452.0,8.0,1,1,F1,1,1522.87,,56.5,452.0,0.0,0.0,452.0,0.0,100000.0,0.0,0.0,452.0,0.0,0.008,452.008,0.0,56.501,0.375,160.78571428571428,50.74819047619047,7
735671,0.0,1402.56,533.0,8.0,1,1,F1,1,1402.56,,66.625,533.0,0.0,0.0,533.0,0.0,100000.0,0.0,0.0,533.0,0.0,0.062,533.062,0.0,66.63275,0.6190476190476191,460.81171428571434,114.86365714285714,5
735672,0.0,873.48,416.0,8.0,1,1,F1,1,873.48,,52.0,416.0,0.0,0.0,416.0,0.0,100000.0,0.0,0.0,416.0,0.0,0.059,416.059,0.0,52.007375,0.8293650793650794,621.1242460317461,138.03184920634922,6
735673,0.0,445.65,276.0,8.0,1,1,F1,1,445.65,,34.5,276.0,0.0,0.0,276.0,0.0,100000.0,0.0,0.0,276.0,0.0,0.048,276.048,0.0,34.506,0.6,244.629,47.34561428571429,5
735688,0.0,1990.53,225.0,4.0,1,1,B1,1,1990.53,,56.25,225.0,0.0,1.0,225.0,770.0,999.0,0.0,0.0,225.0,27.408,2.418,254.826,0.0,63.7065,1.75,497.6325,56.25,1
735689,0.0,220.35,225.0,8.0,1,1,PE,1,220.35,,28.125,225.0,0.0,1.0,225.0,770.0,999.0,0.0,0.0,226.95,78.413,2.418,307.781,0.0,38.472625,2.1666666666666665,1335.5166666666667,98.24277777777779,3
735705,0.0,3611.94,475.0,8.0,1,1,B1,1,3611.94,,59.375,475.0,0.0,1.0,475.0,770.0,999.0,0.0,0.0,477.86,94.986,7.254,580.1,0.0,72.5125,1.9833333333333336,1105.4248333333333,105.7032,5
735708,0.0,6606.95,829.0,12.0,2,2,P1,1,6606.95,,69.08333333333333,414.5,0.0,1.0,414.5,770.0,999.0,2074.44,0.0,852.0699999999999,86.894,3.023,941.987,2074.44,78.49891666666666,1.342857142857143,340.4308571428571,48.71818285714286,5
78652,0.0,0.0,0.0,1.0,1,1,SIN_SECTOR,1,0.0,,0.0,0.0,,,,,,,,,,,,0.0,,,0.0,0.0,1
82795,0.0,0.0,0.0,3.0,3,3,B1,1,0.0,,0.0,0.0,,,,,,,,,,,,0.0,,1.0,0.0,0.0,3
85653,0.0,0.0,0.0,13.0,9,6,B1,1,0.0,,0.0,0.0,,,,,,,,,,,,0.0,,1.0,0.0,0.0,8
89964,92752.1,106491.38,8945.0,120.0,21,2,CO,1,13739.279999999999,14.812904505666177,74.54166666666667,425.95238095238096,92752.1,1.3333333333333333,425.95238095238096,683.3333333333334,29366.0,0.0,0.0,8945.0,0.0,0.461,8945.461,0.0,74.54550833333333,1.6387163561076603,852.4645326086957,72.7759962215321,2
