mes,almacen,legajo,dias_participa,dias_con_escala_paga,bultos_turno_mes,bultos_prom_dia,nivel_maximo_dia,puntos_escala_mes,bono_estimado,dias_nivel_0,dias_nivel_1,dias_nivel_2,dias_nivel_3,dias_nivel_4,dias_nivel_5_mas
2026-06,AREA REFRIGERADOS,207684,1,1,988.0,988.0,1,24.0,5.0,0,1,0,0,0,0
2026-06,AREA REFRIGERADOS,203690,1,1,923.01,923.01,1,24.0,5.0,0,1,0,0,0,0
2026-06,AREA REFRIGERADOS,170559,1,1,444.0,444.0,1,24.0,5.0,0,1,0,0,0,0
2026-06,AREA SECOS Y NO ALIMENTOS,65607,19,19,415.97,21.89,1,456.0,88.0,0,19,0,0,0,0
2026-06,AREA SECOS Y NO ALIMENTOS,69630,13,13,207.42,15.96,1,312.0,60.0,0,13,0,0,0,0
2026-06,AREA SECOS Y NO ALIMENTOS,121553,4,4,23.06,5.76,1,96.0,18.0,0,4,0,0,0,0
2026-06,AREA SECOS Y NO ALIMENTOS,206147,3,3,4264.52,1421.51,1,72.0,14.0,0,3,0,0,0,0
2026-06,AREA SECOS Y NO ALIMENTOS,206696,3,3,4090.9,1363.63,1,72.0,14.0,0,3,0,0,0,0
2026-06,AREA SECOS Y NO ALIMENTOS,206788,3,3,3949.0,1316.33,1,72.0,14.0,0,3,0,0,0,0
2026-06,AREA SECOS Y NO ALIMENTOS,197259,3,3,458.57,152.86,1,72.0,14.0,0,3,0,0,0,0
2026-06,AREA SECOS Y NO ALIMENTOS,206122,2,2,3626.5,1813.25,1,48.0,9.0,0,2,0,0,0,0
2026-06,AREA SECOS Y NO ALIMENTOS,733942,2,2,2704.75,1352.38,1,48.0,9.0,0,2,0,0,0,0
2026-06,AREA SECOS Y NO ALIMENTOS,207425,2,2,1984.33,992.16,1,48.0,9.0,0,2,0,0,0,0
2026-06,AREA SECOS Y NO ALIMENTOS,196375,2,2,1276.9,638.45,1,48.0,9.0,0,2,0,0,0,0
2026-06,AREA SECOS Y NO ALIMENTOS,3134,2,2,36.22,18.11,1,48.0,9.0,0,2,0,0,0,0
2026-06,AREA SECOS Y NO ALIMENTOS,116693,2,2,16.28,8.14,1,48.0,9.0,0,2,0,0,0,0
2026-06,AREA SECOS Y NO ALIMENTOS,175651,2,2,12.92,6.46,1,48.0,9.0,0,2,0,0,0,0
2026-06,AREA SECOS Y NO ALIMENTOS,206716,1,1,1579.54,1579.54,1,24.0,5.0,0,1,0,0,0,0
2026-06,AREA SECOS Y NO ALIMENTOS,206697,1,1,1538.38,1538.38,1,24.0,5.0,0,1,0,0,0,0
2026-06,AREA SECOS Y NO ALIMENTOS,194041,1,1,1446.73,1446.73,1,24.0,5.0,0,1,0,0,0,0
2026-06,AREA SECOS Y NO ALIMENTOS,208363,1,1,1359.5,1359.5,1,24.0,5.0,0,1,0,0,0,0
2026-06,AREA SECOS Y NO ALIMENTOS,206711,1,1,1294.21,1294.21,1,24.0,5.0,0,1,0,0,0,0
2026-06,AREA SECOS Y NO ALIMENTOS,185590,1,1,1107.82,1107.82,1,24.0,5.0,0,1,0,0,0,0
2026-06,AREA SECOS Y NO ALIMENTOS,124819,1,1,891.5,891.5,1,24.0,5.0,0,1,0,0,0,0
2026-06,AREA SECOS Y NO ALIMENTOS,187155,1,1,783.0,783.0,1,24.0,5.0,0,1,0,0,0,0
2026-06,AREA SECOS Y NO ALIMENTOS,195121,1,1,240.37,240.37,1,24.0,5.0,0,1,0,0,0,0
2026-06,AREA SECOS Y NO ALIMENTOS,69703,1,1,4.89,4.89,1,24.0,5.0,0,1,0,0,0,0
2026-06,AREA SECOS Y NO ALIMENTOS,173487,1,1,0.52,0.52,1,24.0,5.0,0,1,0,0,0,0
2026-06,CAMARA 06,118364,17,8,6946.45,408.61,4,74640.0,14329.0,9,0,2,2,4,0
2026-06,CAMARA 06,121581,18,8,6563.1,364.62,4,59760.0,11473.0,10,0,6,1,1,0
2026-06,CAMARA 06,121583,14,7,6310.16,450.73,4,58232.0,11179.0,7,0,4,0,3,0
2026-06,CAMARA 06,89964,17,4,4409.13,259.36,2,21032.0,4038.0,13,3,1,0,0,0
2026-06,CAMARA 06,198108,2,2,1295.0,647.5,4,20112.0,3861.0,0,0,0,1,1,0
2026-06,CAMARA 06,198876,5,3,1754.0,350.8,2,16224.0,3115.0,2,2,1,0,0,0
2026-06,CAMARA 06,195117,3,3,1412.0,470.67,2,16224.0,3115.0,0,2,1,0,0,0
2026-06,CAMARA 06,181826,18,3,4933.09,274.06,1,14424.0,2769.0,15,3,0,0,0,0
2026-06,CAMARA 06,206264,2,2,1103.0,551.5,3,14320.0,2749.0,0,1,0,1,0,0
2026-06,CAMARA 06,195116,1,1,705.0,705.0,4,10600.0,2035.0,0,0,0,0,1,0
2026-06,CAMARA 06,198671,1,1,650.0,650.0,4,10600.0,2035.0,0,0,0,0,1,0
2026-06,CAMARA 06,170559,12,2,3019.0,251.58,1,9616.0,1846.0,10,2,0,0,0,0
2026-06,CAMARA 06,203690,1,1,621.01,621.01,3,9512.0,1826.0,0,0,0,1,0,0
2026-06,CAMARA 06,207015,1,1,601.03,601.03,3,9512.0,1826.0,0,0,0,1,0,0
2026-06,CAMARA 06,194042,15,1,3616.0,241.07,2,6608.0,1269.0,14,0,1,0,0,0
2026-06,CAMARA 06,198874,2,1,773.0,386.5,2,6608.0,1269.0,1,0,1,0,0,0
2026-06,CAMARA 06,206265,1,1,506.02,506.02,2,6608.0,1269.0,0,0,1,0,0,0
2026-06,CAMARA 06,196370,2,1,697.0,348.5,1,4808.0,923.0,1,1,0,0,0,0
2026-06,CAMARA 06,734364,1,1,475.0,475.0,1,4808.0,923.0,0,1,0,0,0,0
2026-06,CAMARA 06,206121,1,1,455.0,455.0,1,4808.0,923.0,0,1,0,0,0,0
2026-06,CAMARA 06,734485,1,1,451.0,451.0,1,4808.0,923.0,0,1,0,0,0,0
2026-06,CAMARA 06,734479,1,0,391.0,391.0,0,0.0,0.0,1,0,0,0,0,0
2026-06,OTRAS CAMARAS,207402,20,20,22163.0,1108.15,4,183696.0,35266.0,0,0,6,4,10,0
2026-06,OTRAS CAMARAS,207420,20,18,21766.0,1088.3,4,177376.0,34053.0,2,0,2,5,11,0
2026-06,OTRAS CAMARAS,207479,24,22,22413.34,933.89,4,173352.0,33280.0,2,2,11,4,5,0
2026-06,OTRAS CAMARAS,207656,22,19,22374.0,1017.0,4,168016.0,32256.0,3,0,7,5,7,0
2026-06,OTRAS CAMARAS,207038,19,16,20681.0,1088.47,4,159080.0,30540.0,3,0,1,6,9,0
2026-06,OTRAS CAMARAS,207015,20,17,19506.22,975.31,4,149720.0,28743.0,3,0,6,6,5,0
2026-06,OTRAS CAMARAS,206264,18,16,19023.01,1056.83,4,148920.0,28590.0,2,0,3,8,5,0
2026-06,OTRAS CAMARAS,206265,18,17,18270.17,1015.01,4,145000.0,27837.0,1,0,8,3,6,0
2026-06,OTRAS CAMARAS,207453,21,16,20568.63,979.46,4,141296.0,27126.0,5,0,6,4,6,0
2026-06,OTRAS CAMARAS,207683,24,18,20883.49,870.15,4,134944.0,25907.0,6,2,10,4,2,0
2026-06,OTRAS CAMARAS,207687,24,18,19313.56,804.73,3,125160.0,24028.0,6,3,11,4,0,0
2026-06,OTRAS CAMARAS,203690,16,14,15072.19,942.01,4,121184.0,23265.0,2,0,6,3,5,0
2026-06,OTRAS CAMARAS,206130,17,13,17067.0,1003.94,4,116752.0,22414.0,4,0,5,1,7,0
2026-06,OTRAS CAMARAS,196370,17,15,15545.26,914.43,4,114032.0,21892.0,2,2,7,5,1,0
2026-06,OTRAS CAMARAS,734936,19,15,15537.24,817.75,3,113640.0,21817.0,4,0,10,5,0,0
2026-06,OTRAS CAMARAS,203576,18,14,15384.0,854.67,4,110296.0,21175.0,4,0,9,2,3,0
2026-06,OTRAS CAMARAS,734609,13,12,13348.06,1026.77,4,105792.0,20310.0,1,0,4,5,3,0
2026-06,OTRAS CAMARAS,734723,14,10,15543.0,1110.21,4,104912.0,20141.0,4,0,0,1,9,0
2026-06,OTRAS CAMARAS,734881,15,13,13978.01,931.87,4,104416.0,20046.0,2,0,7,5,1,0
2026-06,OTRAS CAMARAS,734434,16,14,13488.17,843.01,4,99408.0,19084.0,2,0,12,1,1,0
2026-06,OTRAS CAMARAS,734479,15,11,12273.01,818.2,4,91576.0,17581.0,4,1,4,3,3,0
2026-06,OTRAS CAMARAS,734611,16,11,12694.02,793.38,4,84680.0,16257.0,5,1,6,2,2,0
2026-06,OTRAS CAMARAS,734882,16,10,13650.15,853.13,4,79872.0,15334.0,6,0,6,2,2,0
2026-06,OTRAS CAMARAS,207684,24,13,17305.34,721.06,2,78704.0,15110.0,11,4,9,0,0,0
2026-06,OTRAS CAMARAS,735105,13,11,10891.0,837.77,4,74184.0,14242.0,2,3,6,1,1,0
2026-06,OTRAS CAMARAS,734364,15,10,12144.02,809.6,4,74080.0,14222.0,5,1,6,2,1,0
2026-06,OTRAS CAMARAS,207681,21,10,15276.25,727.44,3,69392.0,13322.0,11,3,4,3,0,0
2026-06,OTRAS CAMARAS,195116,7,7,7351.1,1050.16,4,65856.0,12643.0,0,0,1,4,2,0
2026-06,OTRAS CAMARAS,734939,15,9,10466.5,697.77,4,63872.0,12262.0,6,3,3,2,1,0
2026-06,OTRAS CAMARAS,206121,13,8,10894.1,838.01,4,63768.0,12242.0,5,1,3,3,1,0
2026-06,OTRAS CAMARAS,734485,8,7,7876.0,984.5,4,60048.0,11528.0,1,0,3,2,2,0
2026-06,OTRAS CAMARAS,734883,17,8,12152.17,714.83,3,57976.0,11130.0,9,2,3,3,0,0
2026-06,OTRAS CAMARAS,195117,12,8,8346.01,695.5,4,53256.0,10224.0,4,2,5,0,1,0
2026-06,OTRAS CAMARAS,734878,11,7,8008.04,728.0,4,51352.0,9859.0,4,1,4,1,1,0
2026-06,OTRAS CAMARAS,734937,14,8,10245.2,731.8,2,51064.0,9803.0,6,1,7,0,0,0
2026-06,OTRAS CAMARAS,735006,10,6,8889.06,888.91,4,50536.0,9702.0,4,0,3,1,2,0
2026-06,OTRAS CAMARAS,207659,16,8,11991.15,749.45,3,50368.0,9670.0,8,3,4,1,0,0
2026-06,OTRAS CAMARAS,735004,12,7,8107.2,675.6,4,48448.0,9301.0,5,1,5,0,1,0
2026-06,OTRAS CAMARAS,198108,7,5,6190.03,884.29,4,47920.0,9200.0,2,0,1,1,3,0
2026-06,OTRAS CAMARAS,734484,12,8,8366.19,697.18,2,47464.0,9112.0,4,3,5,0,0,0
2026-06,OTRAS CAMARAS,198874,12,7,8464.0,705.33,3,45560.0,8747.0,5,2,4,1,0,0
2026-06,OTRAS CAMARAS,735104,10,6,6974.18,697.42,3,43656.0,8381.0,4,1,3,2,0,0
2026-06,OTRAS CAMARAS,208364,4,4,4447.0,1111.75,4,38408.0,7374.0,0,0,1,0,3,0
2026-06,OTRAS CAMARAS,734367,7,5,5948.2,849.74,4,37424.0,7185.0,2,2,1,0,2,0
2026-06,OTRAS CAMARAS,198671,7,5,4670.02,667.15,3,34144.0,6555.0,2,1,3,1,0,0
2026-06,OTRAS CAMARAS,734884,5,4,5482.11,1096.42,4,33328.0,6398.0,1,0,2,1,1,0
2026-06,OTRAS CAMARAS,171027,8,5,5609.08,701.13,2,31240.0,5997.0,3,1,4,0,0,0
2026-06,OTRAS CAMARAS,735000,8,4,5258.13,657.27,4,30424.0,5841.0,4,0,3,0,1,0
2026-06,OTRAS CAMARAS,198876,7,4,5041.0,720.14,3,27536.0,5286.0,3,1,2,1,0,0
2026-06,OTRAS CAMARAS,206714,1,1,2039.98,2039.98,5,25600.0,4915.0,0,0,0,0,0,1
2026-06,OTRAS CAMARAS,733818,1,1,1762.07,1762.07,5,25600.0,4915.0,0,0,0,0,0,1
2026-06,OTRAS CAMARAS,207041,1,1,1585.96,1585.96,5,25600.0,4915.0,0,0,0,0,0,1
2026-06,OTRAS CAMARAS,734932,1,1,1548.98,1548.98,5,25600.0,4915.0,0,0,0,0,0,1
2026-06,OTRAS CAMARAS,734725,1,1,1521.24,1521.24,5,25600.0,4915.0,0,0,0,0,0,1
2026-06,OTRAS CAMARAS,734885,5,3,3999.13,799.83,3,22728.0,4363.0,2,0,2,1,0,0
2026-06,OTRAS CAMARAS,733815,2,2,2070.04,1035.02,3,19024.0,3652.0,0,0,0,2,0,0
2026-06,OTRAS CAMARAS,735273,2,2,1836.0,918.0,3,14320.0,2749.0,0,1,0,1,0,0
2026-06,OTRAS CAMARAS,734480,8,2,4264.0,533.0,2,13216.0,2537.0,6,0,2,0,0,0
2026-06,OTRAS CAMARAS,735109,8,2,4079.12,509.89,2,13216.0,2537.0,6,0,2,0,0,0
2026-06,OTRAS CAMARAS,735276,3,2,2025.0,675.0,2,13216.0,2537.0,1,0,2,0,0,0
2026-06,OTRAS CAMARAS,734483,2,2,1823.0,911.5,2,13216.0,2537.0,0,0,2,0,0,0
2026-06,OTRAS CAMARAS,733621,1,1,1459.54,1459.54,4,10600.0,2035.0,0,0,0,0,1,0
2026-06,OTRAS CAMARAS,734944,1,1,1319.97,1319.97,4,10600.0,2035.0,0,0,0,0,1,0
2026-06,OTRAS CAMARAS,192150,1,1,1279.05,1279.05,4,10600.0,2035.0,0,0,0,0,1,0
2026-06,OTRAS CAMARAS,199093,1,1,1159.6,1159.6,4,10600.0,2035.0,0,0,0,0,1,0
2026-06,OTRAS CAMARAS,735103,1,1,1120.43,1120.43,4,10600.0,2035.0,0,0,0,0,1,0
2026-06,OTRAS CAMARAS,735110,9,1,5126.56,569.62,2,6608.0,1269.0,8,0,1,0,0,0
2026-06,OTRAS CAMARAS,734930,8,1,4257.17,532.15,2,6608.0,1269.0,7,0,1,0,0,0
2026-06,OTRAS CAMARAS,733711,1,1,901.03,901.03,2,6608.0,1269.0,0,0,1,0,0,0
2026-06,OTRAS CAMARAS,734363,4,1,1854.05,463.51,1,4808.0,923.0,3,1,0,0,0,0
2026-06,OTRAS CAMARAS,735277,3,1,940.03,313.34,1,4808.0,923.0,2,1,0,0,0,0
2026-06,OTRAS CAMARAS,735001,6,0,2521.14,420.19,0,0.0,0.0,6,0,0,0,0,0
2026-06,OTRAS CAMARAS,735275,2,0,1466.07,733.03,0,0.0,0.0,2,0,0,0,0,0
2026-06,OTRAS CAMARAS,734938,4,0,784.01,196.0,0,0.0,0.0,4,0,0,0,0,0
2026-06,OTRAS CAMARAS,735274,2,0,476.0,238.0,0,0.0,0.0,2,0,0,0,0,0
2026-06,OTRAS CAMARAS,734716,3,0,206.01,68.67,0,0.0,0.0,3,0,0,0,0,0
2026-06,SECOS + NOA,207710,19,19,33316.24,1753.49,6,549696.0,105531.0,0,0,0,1,2,16
2026-06,SECOS + NOA,203637,21,16,36189.75,1723.32,7,548384.0,105279.0,5,0,0,0,0,16
2026-06,SECOS + NOA,207033,21,19,33646.91,1602.23,6,496592.0,95336.0,2,1,1,1,1,15
2026-06,SECOS + NOA,206714,19,18,31151.57,1639.56,6,485976.0,93298.0,1,1,0,1,3,13
2026-06,SECOS + NOA,206122,21,17,31445.66,1497.41,6,471152.0,90452.0,4,1,0,1,3,12
2026-06,SECOS + NOA,198873,20,17,32843.01,1642.15,6,462504.0,88792.0,3,1,0,0,3,13
2026-06,SECOS + NOA,206711,23,22,33881.78,1473.12,6,435968.0,83698.0,1,0,2,7,4,9
2026-06,SECOS + NOA,206718,21,19,31591.31,1504.35,6,434096.0,83338.0,2,2,0,1,5,11
2026-06,SECOS + NOA,207735,22,18,32252.42,1466.02,6,432032.0,82942.0,4,0,0,1,6,11
2026-06,SECOS + NOA,206147,23,21,33560.42,1459.15,6,428040.0,82176.0,2,1,1,2,7,10
2026-06,SECOS + NOA,206694,21,17,31848.51,1516.6,6,425656.0,81718.0,4,0,1,2,2,12
2026-06,SECOS + NOA,206716,19,18,30305.7,1595.04,6,420784.0,80782.0,1,0,1,3,3,11
2026-06,SECOS + NOA,207036,22,21,32924.55,1496.57,6,414672.0,79609.0,1,1,2,3,6,9
2026-06,SECOS + NOA,207731,20,19,30461.98,1523.1,6,406320.0,78006.0,1,0,0,4,5,10
2026-06,SECOS + NOA,207041,20,19,29993.22,1499.66,5,398816.0,76565.0,1,0,0,2,8,9
2026-06,SECOS + NOA,203679,20,18,30138.59,1506.93,5,388944.0,74670.0,2,0,1,1,5,11
2026-06,SECOS + NOA,207657,22,18,31951.52,1452.34,5,388000.0,74489.0,4,0,0,2,6,10
2026-06,SECOS + NOA,206696,21,18,30595.44,1456.93,6,387576.0,74407.0,3,1,1,2,5,9
2026-06,SECOS + NOA,735102,19,17,28460.57,1497.92,6,372640.0,71540.0,2,2,1,1,1,12
2026-06,SECOS + NOA,206105,23,21,32429.82,1409.99,6,367576.0,70568.0,2,1,5,2,5,8
2026-06,SECOS + NOA,198635,20,16,29334.53,1466.73,6,366568.0,70374.0,4,0,1,1,4,10
2026-06,SECOS + NOA,734236,18,14,27922.74,1551.26,6,365064.0,70085.0,4,0,0,2,1,11
2026-06,SECOS + NOA,206788,23,21,31789.53,1382.15,6,364744.0,70024.0,2,1,4,4,6,6
2026-06,SECOS + NOA,198633,17,15,24818.23,1459.9,6,359016.0,68924.0,2,0,3,0,1,11
2026-06,SECOS + NOA,734438,17,17,26625.83,1566.23,5,356312.0,68405.0,0,0,1,1,6,9
2026-06,SECOS + NOA,207010,23,22,31801.58,1382.68,5,345008.0,66235.0,1,0,3,5,13,1
2026-06,SECOS + NOA,734005,18,17,26642.38,1480.13,5,335672.0,64443.0,1,0,0,3,8,6
2026-06,SECOS + NOA,733505,17,17,25827.09,1519.24,6,333784.0,64080.0,0,0,0,4,8,5
2026-06,SECOS + NOA,733818,13,13,21593.49,1661.04,6,327048.0,62787.0,0,0,0,1,3,9
2026-06,SECOS + NOA,206768,23,21,31027.74,1349.03,5,325208.0,62434.0,2,2,3,3,10,3
2026-06,SECOS + NOA,734932,18,17,26370.21,1465.01,5,305440.0,58639.0,1,0,2,3,7,5
2026-06,SECOS + NOA,735027,19,17,27966.01,1471.9,5,304496.0,58457.0,2,0,1,4,8,4
2026-06,SECOS + NOA,733816,20,20,28271.52,1413.58,5,303680.0,58301.0,0,0,3,6,10,1
2026-06,SECOS + NOA,207680,20,18,28595.44,1429.77,5,302976.0,58166.0,2,1,2,3,8,4
2026-06,SECOS + NOA,734929,20,18,27005.49,1350.27,5,297736.0,57160.0,2,0,1,6,9,2
2026-06,SECOS + NOA,207686,24,20,30140.2,1255.84,6,296672.0,56955.0,4,0,4,10,3,3
2026-06,SECOS + NOA,734435,18,18,25976.89,1443.16,5,289288.0,55538.0,0,0,2,4,11,1
2026-06,SECOS + NOA,735101,19,16,25634.16,1349.17,5,286408.0,54985.0,3,0,1,4,7,4
2026-06,SECOS + NOA,206770,23,21,30200.84,1313.08,5,284528.0,54624.0,2,0,4,11,5,1
2026-06,SECOS + NOA,203612,20,14,25384.49,1269.22,6,283712.0,54467.0,6,3,2,2,0,7
2026-06,SECOS + NOA,735031,19,15,25744.78,1354.99,5,282832.0,54298.0,4,0,0,2,10,3
2026-06,SECOS + NOA,733621,14,14,21507.73,1536.27,6,281608.0,54063.0,0,0,1,2,7,4
2026-06,SECOS + NOA,207399,23,20,31304.6,1361.07,5,275976.0,52982.0,3,2,5,6,3,4
2026-06,SECOS + NOA,734931,16,15,23522.33,1470.15,6,273704.0,52546.0,1,0,1,5,5,4
2026-06,SECOS + NOA,734725,17,16,24234.22,1425.54,5,267976.0,51446.0,1,1,1,5,5,4
2026-06,SECOS + NOA,207056,24,22,30733.52,1280.56,5,266752.0,51211.0,2,3,5,8,5,1
2026-06,SECOS + NOA,198673,21,13,24291.64,1156.74,6,265016.0,50878.0,8,1,1,4,1,6
2026-06,SECOS + NOA,207009,21,15,26862.4,1279.16,5,262312.0,50359.0,6,1,1,4,4,5
2026-06,SECOS + NOA,734440,20,18,26595.97,1329.8,5,260320.0,49976.0,2,1,4,4,7,2
2026-06,SECOS + NOA,734726,19,15,23973.31,1261.75,5,255984.0,49144.0,4,1,2,3,4,5
2026-06,SECOS + NOA,733941,21,18,27392.51,1304.41,4,249928.0,47981.0,3,0,3,8,7,0
2026-06,SECOS + NOA,734875,19,17,25157.85,1324.1,5,239112.0,45905.0,2,0,3,8,5,1
2026-06,SECOS + NOA,207662,23,20,29125.35,1266.32,5,236424.0,45389.0,3,6,3,5,4,2
2026-06,SECOS + NOA,207660,23,19,27981.83,1216.6,5,232472.0,44630.0,4,4,3,6,5,1
2026-06,SECOS + NOA,733942,21,18,26495.62,1261.7,5,232440.0,44624.0,3,1,4,8,4,1
2026-06,SECOS + NOA,206145,15,11,18816.59,1254.44,5,232296.0,44596.0,4,0,0,2,3,6
2026-06,SECOS + NOA,733509,16,16,22140.23,1383.76,4,231560.0,44455.0,0,0,1,9,6,0
2026-06,SECOS + NOA,734722,18,16,23519.49,1306.64,5,228296.0,43828.0,2,0,3,8,3,2
2026-06,SECOS + NOA,735024,19,15,24098.41,1268.34,5,222688.0,42752.0,4,1,3,3,6,2
2026-06,SECOS + NOA,206697,16,13,20942.71,1308.92,5,218864.0,42018.0,3,1,1,4,3,4
2026-06,SECOS + NOA,733615,14,14,19857.97,1418.43,5,211784.0,40658.0,0,0,2,5,6,1
2026-06,SECOS + NOA,206693,19,12,21180.63,1114.77,5,211080.0,40523.0,7,1,1,2,4,4
2026-06,SECOS + NOA,733624,16,13,20690.02,1293.13,5,210648.0,40440.0,3,1,0,5,5,2
2026-06,SECOS + NOA,206099,24,21,28615.39,1192.31,5,210072.0,40330.0,3,4,9,4,3,1
2026-06,SECOS + NOA,207712,20,18,24897.17,1244.86,4,205936.0,39536.0,2,4,4,4,6,0
2026-06,SECOS + NOA,733708,13,12,18083.94,1391.07,5,201632.0,38709.0,1,0,1,5,3,3
2026-06,SECOS + NOA,734944,17,16,22129.88,1301.76,5,199240.0,38250.0,1,0,4,10,1,1
2026-06,SECOS + NOA,206776,19,13,20637.12,1086.16,6,191984.0,36857.0,6,2,4,2,1,4
2026-06,SECOS + NOA,207425,24,17,26066.74,1086.11,5,191768.0,36816.0,7,3,5,5,3,1
2026-06,SECOS + NOA,199408,17,14,21074.92,1239.7,5,182568.0,35050.0,3,4,1,4,3,2
2026-06,SECOS + NOA,207481,20,12,21994.6,1099.73,6,176784.0,33939.0,8,0,3,6,1,2
2026-06,SECOS + NOA,734387,15,12,19663.97,1310.93,5,175608.0,33713.0,3,0,2,5,4,1
2026-06,SECOS + NOA,207397,20,13,23218.83,1160.94,5,173232.0,33257.0,7,2,3,3,3,2
2026-06,SECOS + NOA,206120,16,12,17563.53,1097.72,5,169600.0,32560.0,4,1,2,5,2,2
2026-06,SECOS + NOA,734433,19,14,23295.86,1226.1,4,168896.0,32425.0,5,0,6,3,5,0
2026-06,SECOS + NOA,207658,20,18,24861.85,1243.09,4,168144.0,32280.0,2,3,8,5,2,0
2026-06,SECOS + NOA,734873,15,15,19898.38,1326.56,5,166144.0,31896.0,0,0,8,4,2,1
2026-06,SECOS + NOA,734872,15,13,18246.48,1216.43,5,162608.0,31218.0,2,1,4,4,3,1
2026-06,SECOS + NOA,733943,19,16,22228.57,1169.92,4,157904.0,30315.0,3,2,6,7,1,0
2026-06,SECOS + NOA,733581,21,17,24203.75,1152.56,3,153032.0,29379.0,4,2,8,7,0,0
2026-06,SECOS + NOA,192150,15,13,18593.57,1239.57,5,152680.0,29312.0,2,3,3,3,3,1
2026-06,SECOS + NOA,735028,18,16,21360.64,1186.7,4,145624.0,27957.0,2,4,7,2,3,0
2026-06,SECOS + NOA,192151,17,9,18326.51,1078.03,6,143736.0,27595.0,8,2,2,1,2,2
2026-06,SECOS + NOA,734008,19,14,22120.73,1164.25,4,141960.0,27254.0,5,0,7,6,1,0
2026-06,SECOS + NOA,734865,20,17,22233.66,1111.68,4,139200.0,26724.0,3,2,11,3,1,0
2026-06,SECOS + NOA,206815,19,13,18886.75,994.04,4,136904.0,26283.0,6,2,4,5,2,0
2026-06,SECOS + NOA,734876,20,16,22057.77,1102.89,3,136496.0,26205.0,4,4,6,6,0,0
2026-06,SECOS + NOA,206118,20,12,19402.65,970.13,4,136072.0,26123.0,8,1,5,2,4,0
2026-06,SECOS + NOA,206101,19,10,17809.57,937.35,5,132480.0,25434.0,9,1,1,6,1,1
2026-06,SECOS + NOA,734792,19,18,21289.38,1120.49,4,132280.0,25395.0,1,6,9,2,1,0
2026-06,SECOS + NOA,734432,19,16,22222.24,1169.59,4,131720.0,25288.0,3,6,5,4,1,0
2026-06,SECOS + NOA,192187,18,12,19122.34,1062.35,5,128264.0,24624.0,6,3,4,2,2,1
2026-06,SECOS + NOA,198019,17,11,18402.54,1082.5,5,127984.0,24570.0,6,3,2,3,2,1
2026-06,SECOS + NOA,734011,17,15,18399.05,1082.3,4,122136.0,23448.0,2,7,4,2,2,0
2026-06,SECOS + NOA,195121,14,10,14382.38,1027.31,5,121624.0,23349.0,4,0,4,4,1,1
2026-06,SECOS + NOA,735032,19,13,20643.74,1086.51,4,120896.0,23210.0,6,1,7,4,1,0
2026-06,SECOS + NOA,734234,20,15,20862.99,1043.15,3,119960.0,23030.0,5,6,4,5,0,0
2026-06,SECOS + NOA,735100,19,13,20727.05,1090.9,4,117296.0,22519.0,6,3,5,4,1,0
2026-06,SECOS + NOA,734430,19,16,22185.56,1167.66,4,117264.0,22512.0,3,7,6,2,1,0
2026-06,SECOS + NOA,735026,17,13,19188.34,1128.73,4,112768.0,21649.0,4,2,7,3,1,0
2026-06,SECOS + NOA,734868,19,15,20376.77,1072.46,4,109728.0,21066.0,4,4,9,1,1,0
2026-06,SECOS + NOA,199095,11,8,11978.7,1088.97,5,105432.0,20241.0,3,1,2,2,2,1
2026-06,SECOS + NOA,735099,19,13,20293.65,1068.09,3,99488.0,19100.0,6,3,7,3,0,0
2026-06,SECOS + NOA,734380,18,13,18631.64,1035.09,3,95888.0,18409.0,5,5,5,3,0,0
2026-06,SECOS + NOA,734940,16,10,16896.67,1056.04,4,94744.0,18189.0,6,1,5,3,1,0
2026-06,SECOS + NOA,196375,16,9,14312.81,894.55,4,88512.0,16993.0,7,3,3,0,3,0
2026-06,SECOS + NOA,194041,14,8,12618.36,901.31,6,86432.0,16593.0,6,4,2,0,1,1
2026-06,SECOS + NOA,734439,19,9,17922.23,943.28,4,84536.0,16229.0,10,3,2,3,1,0
2026-06,SECOS + NOA,735103,19,11,19256.47,1013.5,3,81744.0,15693.0,8,2,7,2,0,0
2026-06,SECOS + NOA,198106,9,4,8754.12,972.68,5,80888.0,15529.0,5,1,0,0,0,3
2026-06,SECOS + NOA,203619,20,11,17669.21,883.46,3,71816.0,13787.0,9,4,6,1,0,0
2026-06,SECOS + NOA,734869,17,12,15868.48,933.44,3,71224.0,13674.0,5,8,3,1,0,0
2026-06,SECOS + NOA,735093,12,9,12753.38,1062.78,4,70080.0,13454.0,3,4,3,1,1,0
2026-06,SECOS + NOA,197556,15,9,12396.73,826.45,4,65552.0,12585.0,6,3,5,0,1,0
2026-06,SECOS + NOA,190368,23,9,16168.54,702.98,3,64928.0,12465.0,14,4,3,2,0,0
2026-06,SECOS + NOA,190890,17,9,16142.39,949.55,3,64928.0,12465.0,8,4,3,2,0,0
2026-06,SECOS + NOA,734007,16,9,16333.48,1020.84,3,60400.0,11596.0,7,3,5,1,0,0
2026-06,SECOS + NOA,734934,13,7,12658.97,973.77,3,57112.0,10964.0,6,1,4,2,0,0
2026-06,SECOS + NOA,734232,16,10,16704.86,1044.05,2,55280.0,10613.0,6,6,4,0,0,0
2026-06,SECOS + NOA,735096,11,9,11166.48,1015.13,3,55000.0,10559.0,2,6,2,1,0,0
2026-06,SECOS + NOA,124819,19,10,18424.67,969.72,2,53480.0,10267.0,9,7,3,0,0,0
2026-06,SECOS + NOA,735029,18,7,16309.26,906.07,3,48984.0,9404.0,11,2,4,1,0,0
2026-06,SECOS + NOA,735021,17,8,16836.28,990.37,2,45664.0,8767.0,9,4,4,0,0,0
2026-06,SECOS + NOA,199093,16,8,15520.51,970.03,2,45664.0,8767.0,8,4,4,0,0,0
2026-06,SECOS + NOA,199094,14,6,12202.2,871.59,3,42376.0,8135.0,8,2,3,1,0,0
2026-06,SECOS + NOA,735098,17,7,16353.23,961.95,2,39056.0,7498.0,10,4,3,0,0,0
2026-06,SECOS + NOA,734943,16,7,13789.67,861.85,2,37256.0,7152.0,9,5,2,0,0,0
2026-06,SECOS + NOA,208374,2,2,3095.76,1547.88,4,36176.0,6945.0,0,0,0,0,2,0
2026-06,SECOS + NOA,208333,2,2,3067.97,1533.99,4,36176.0,6945.0,0,0,0,0,2,0
2026-06,SECOS + NOA,734864,19,6,17586.37,925.6,2,34248.0,6575.0,13,3,3,0,0,0
2026-06,SECOS + NOA,735094,14,6,13601.97,971.57,2,32448.0,6229.0,8,4,2,0,0,0
2026-06,SECOS + NOA,208373,2,2,2735.54,1367.77,5,31968.0,6137.0,0,0,1,0,0,1
2026-06,SECOS + NOA,203640,8,4,6399.8,799.97,3,29160.0,5598.0,4,2,1,1,0,0
2026-06,SECOS + NOA,735097,17,6,15967.94,939.29,1,28848.0,5538.0,11,6,0,0,0,0
2026-06,SECOS + NOA,208363,2,2,2707.7,1353.85,3,25872.0,4967.0,0,0,0,2,0,0
2026-06,SECOS + NOA,734947,16,5,14280.02,892.5,2,25840.0,4961.0,11,4,1,0,0,0
2026-06,SECOS + NOA,208365,2,2,2738.39,1369.19,4,24696.0,4741.0,0,0,1,0,1,0
2026-06,SECOS + NOA,183034,13,3,8892.06,684.0,3,22552.0,4330.0,10,2,0,1,0,0
2026-06,SECOS + NOA,734941,15,4,10945.66,729.71,2,21032.0,4038.0,11,3,1,0,0,0
2026-06,SECOS + NOA,190888,7,4,6082.48,868.93,2,21032.0,4038.0,3,3,1,0,0,0
2026-06,SECOS + NOA,734946,16,4,13521.79,845.11,1,19232.0,3692.0,12,4,0,0,0,0
2026-06,SECOS + NOA,192185,4,3,3215.54,803.88,1,14424.0,2769.0,1,3,0,0,0,0
2026-06,SECOS + NOA,735022,6,2,5551.17,925.19,2,13216.0,2537.0,4,0,2,0,0,0
2026-06,SECOS + NOA,183064,5,1,3371.61,674.32,3,12936.0,2483.0,4,0,0,1,0,0
2026-06,SECOS + NOA,735091,7,2,5562.05,794.58,2,11416.0,2192.0,5,1,1,0,0,0
2026-06,SECOS + NOA,185590,2,2,2236.9,1118.45,2,11416.0,2192.0,0,1,1,0,0,0
2026-06,SECOS + NOA,734721,15,2,11971.45,798.1,1,9616.0,1846.0,13,2,0,0,0,0
2026-06,SECOS + NOA,735245,2,2,2008.19,1004.1,1,9616.0,1846.0,0,2,0,0,0,0
2026-06,SECOS + NOA,735195,1,1,1125.02,1125.02,2,6608.0,1269.0,0,0,1,0,0,0
2026-06,SECOS + NOA,734933,11,1,7248.05,658.91,1,4808.0,923.0,10,1,0,0,0,0
2026-06,SECOS + NOA,199091,9,1,6187.74,687.53,1,4808.0,923.0,8,1,0,0,0,0
2026-06,SECOS + NOA,69338,5,1,3430.98,686.2,1,4808.0,923.0,4,1,0,0,0,0
2026-06,SECOS + NOA,195122,7,1,2664.33,380.62,1,4808.0,923.0,6,1,0,0,0,0
2026-06,SECOS + NOA,735197,3,1,2473.64,824.55,1,4808.0,923.0,2,1,0,0,0,0
2026-06,SECOS + NOA,197259,8,1,2117.2,264.65,1,4808.0,923.0,7,1,0,0,0,0
2026-06,SECOS + NOA,187155,2,1,1784.41,892.2,1,4808.0,923.0,1,1,0,0,0,0
2026-06,SECOS + NOA,735192,2,1,1773.85,886.92,1,4808.0,923.0,1,1,0,0,0,0
2026-06,SECOS + NOA,735243,1,1,1013.45,1013.45,1,4808.0,923.0,0,1,0,0,0,0
2026-06,SECOS + NOA,198634,8,0,6006.11,750.76,0,0.0,0.0,8,0,0,0,0,0
2026-06,SECOS + NOA,198105,8,0,5721.04,715.13,0,0.0,0.0,8,0,0,0,0,0
2026-06,SECOS + NOA,189685,6,0,5247.13,874.52,0,0.0,0.0,6,0,0,0,0,0
2026-06,SECOS + NOA,735190,6,0,4695.1,782.52,0,0.0,0.0,6,0,0,0,0,0
2026-06,SECOS + NOA,194826,7,0,4472.52,638.93,0,0.0,0.0,7,0,0,0,0,0
2026-06,SECOS + NOA,192184,8,0,4361.52,545.19,0,0.0,0.0,8,0,0,0,0,0
2026-06,SECOS + NOA,193090,6,0,4164.12,694.02,0,0.0,0.0,6,0,0,0,0,0
2026-06,SECOS + NOA,190544,7,0,3079.22,439.89,0,0.0,0.0,7,0,0,0,0,0
2026-06,SECOS + NOA,735200,4,0,2771.72,692.93,0,0.0,0.0,4,0,0,0,0,0
2026-06,SECOS + NOA,187265,4,0,2770.94,692.73,0,0.0,0.0,4,0,0,0,0,0
2026-06,SECOS + NOA,192695,4,0,2493.5,623.37,0,0.0,0.0,4,0,0,0,0,0
2026-06,SECOS + NOA,735198,3,0,2406.09,802.03,0,0.0,0.0,3,0,0,0,0,0
2026-06,SECOS + NOA,735023,4,0,2035.23,508.81,0,0.0,0.0,4,0,0,0,0,0
2026-06,SECOS + NOA,175652,3,0,2021.92,673.97,0,0.0,0.0,3,0,0,0,0,0
2026-06,SECOS + NOA,735092,2,0,1758.52,879.26,0,0.0,0.0,2,0,0,0,0,0
2026-06,SECOS + NOA,735199,3,0,1643.48,547.83,0,0.0,0.0,3,0,0,0,0,0
2026-06,SECOS + NOA,189231,3,0,1617.06,539.02,0,0.0,0.0,3,0,0,0,0,0
2026-06,SECOS + NOA,187400,3,0,1505.95,501.98,0,0.0,0.0,3,0,0,0,0,0
2026-06,SECOS + NOA,195118,4,0,1386.19,346.55,0,0.0,0.0,4,0,0,0,0,0
2026-06,SECOS + NOA,735194,2,0,1296.86,648.43,0,0.0,0.0,2,0,0,0,0,0
2026-06,SECOS + NOA,193092,2,0,1277.72,638.86,0,0.0,0.0,2,0,0,0,0,0
2026-06,SECOS + NOA,734936,2,0,1256.34,628.17,0,0.0,0.0,2,0,0,0,0,0
2026-06,SECOS + NOA,734719,2,0,1196.97,598.49,0,0.0,0.0,2,0,0,0,0,0
2026-06,SECOS + NOA,735242,1,0,881.14,881.14,0,0.0,0.0,1,0,0,0,0,0
2026-06,SECOS + NOA,735244,1,0,876.85,876.85,0,0.0,0.0,1,0,0,0,0,0
2026-06,SECOS + NOA,734434,1,0,853.99,853.99,0,0.0,0.0,1,0,0,0,0,0
2026-06,SECOS + NOA,208334,1,0,845.43,845.43,0,0.0,0.0,1,0,0,0,0,0
2026-06,SECOS + NOA,734939,1,0,791.13,791.13,0,0.0,0.0,1,0,0,0,0,0
2026-06,SECOS + NOA,734611,1,0,770.41,770.41,0,0.0,0.0,1,0,0,0,0,0
2026-06,SECOS + NOA,734882,1,0,732.2,732.2,0,0.0,0.0,1,0,0,0,0,0
2026-06,SECOS + NOA,197260,1,0,657.78,657.78,0,0.0,0.0,1,0,0,0,0,0
2026-06,SECOS + NOA,207681,1,0,594.85,594.85,0,0.0,0.0,1,0,0,0,0,0
2026-06,SECOS + NOA,734881,1,0,550.75,550.75,0,0.0,0.0,1,0,0,0,0,0
2026-06,SECOS + NOA,65607,24,0,543.6,22.65,0,0.0,0.0,24,0,0,0,0,0
2026-06,SECOS + NOA,735109,1,0,513.81,513.81,0,0.0,0.0,1,0,0,0,0,0
2026-06,SECOS + NOA,735196,1,0,501.7,501.7,0,0.0,0.0,1,0,0,0,0,0
2026-06,SECOS + NOA,735193,1,0,488.53,488.53,0,0.0,0.0,1,0,0,0,0,0
2026-06,SECOS + NOA,735201,1,0,454.41,454.41,0,0.0,0.0,1,0,0,0,0,0
2026-06,SECOS + NOA,186680,1,0,451.23,451.23,0,0.0,0.0,1,0,0,0,0,0
2026-06,SECOS + NOA,189686,1,0,447.78,447.78,0,0.0,0.0,1,0,0,0,0,0
2026-06,SECOS + NOA,734883,1,0,426.24,426.24,0,0.0,0.0,1,0,0,0,0,0
2026-06,SECOS + NOA,187980,1,0,412.21,412.21,0,0.0,0.0,1,0,0,0,0,0
2026-06,SECOS + NOA,69630,20,0,263.24,13.16,0,0.0,0.0,20,0,0,0,0,0
2026-06,SECOS + NOA,190367,1,0,262.51,262.51,0,0.0,0.0,1,0,0,0,0,0
2026-06,SECOS + NOA,735247,1,0,236.42,236.42,0,0.0,0.0,1,0,0,0,0,0
2026-06,SECOS + NOA,734938,1,0,203.3,203.3,0,0.0,0.0,1,0,0,0,0,0
2026-06,SECOS + NOA,3134,9,0,79.68,8.85,0,0.0,0.0,9,0,0,0,0,0
2026-06,SECOS + NOA,121553,10,0,58.15,5.81,0,0.0,0.0,10,0,0,0,0,0
2026-06,SECOS + NOA,175651,11,0,36.43,3.31,0,0.0,0.0,11,0,0,0,0,0
2026-06,SECOS + NOA,69703,2,0,29.47,14.73,0,0.0,0.0,2,0,0,0,0,0
2026-06,SECOS + NOA,85653,5,0,13.56,2.71,0,0.0,0.0,5,0,0,0,0,0
2026-06,SECOS + NOA,49182,2,0,6.78,3.39,0,0.0,0.0,2,0,0,0,0,0
2026-06,SECOS + NOA,116693,3,0,5.34,1.78,0,0.0,0.0,3,0,0,0,0,0
2026-06,SECOS + NOA,109220,1,0,5.04,5.04,0,0.0,0.0,1,0,0,0,0,0
2026-06,SECOS + NOA,187979,2,0,1.31,0.66,0,0.0,0.0,2,0,0,0,0,0
2026-06,SECOS + NOA,57436,1,0,1.01,1.01,0,0.0,0.0,1,0,0,0,0,0
2026-06,SECOS + NOA,175154,1,0,0.76,0.76,0,0.0,0.0,1,0,0,0,0,0
2026-06,SECOS + NOA,116662,1,0,0.43,0.43,0,0.0,0.0,1,0,0,0,0,0
2026-06,SECOS + NOA,195119,1,0,0.3,0.3,0,0.0,0.0,1,0,0,0,0,0
